word,total_occ,book_count,sample_sentence
alice,404,2,"Alice's Evidence CHAPTER I. Down the Rabbit-Hole Alice was beginning to get very tired of sitting by her sister on the bank, and of having nothing to do: once or twice she had peeped into the book her"
jane,293,2,"Lizzy is not a bit better than the others: and I am sure she is not half so handsome as Jane, nor half so good-humoured as Lydia."
soon,281,3,"But it is very likely that he _may_ fall in love with one of them, and therefore you must visit him as soon as he comes."""
wish,268,3,"Mary wished to say something very sensible, but knew not how."
speak,263,3,"""Now, Kitty, you may cough as much as you choose,"" said Mr. Bennet; and, as he spoke, he left the room, fatigued with the raptures of his wife."
ask,248,3,asked Holmes.
oh,228,3,"""Oh, single, my dear, to be sure!"
manner,175,3,It was then disclosed in the following manner.
reply,175,3,Mr. Bennet replied that he had not.
talk,175,3,"Nonsense, how can you talk so!"
sir,164,3,"Sir William and Lady Lucas are determined to go, merely on that account; for in general, you know, they visit no new comers."
certainly,132,3,"I certainly _have_ had my share of beauty, but I do not pretend to be anything extraordinary now."
gentleman,130,2,_]] being gone to London only to get a large party for the ball; and a report soon followed that Mr. Bingley was to bring twelve ladies and seven gentlemen with him to the assembly.
catherine,129,2,"Mary had heard herself mentioned to Miss Bingley as the most accomplished girl in the neighbourhood; and Catherine and Lydia had been fortunate enough to be never without partners, which was all that "
large,123,3,"I did so, and saw a large ""E"" with a small ""g,"" a ""P,"" and a large ""G"" with a small ""t"" woven into the texture of the paper."
attention,123,2,"His brother-in-law, Mr. Hurst, merely looked the gentleman; but his friend Mr. Darcy soon drew the attention of the room by his fine, tall person, handsome features, noble mien, and the report, which "
wait,121,3,"He appeared to be in a great hurry, shouted to the cabman to wait, and brushed past the maid who opened the door with the air of a man who was thoroughly at home."
hardly,108,3,"With hardly a word spoken, but with a kindly eye, he waved me to an armchair, threw across his case of cigars, and indicated a spirit case and a gasogene in the corner."
london,98,3,_]] being gone to London only to get a large party for the ball; and a report soon followed that Mr. Bingley was to bring twelve ladies and seven gentlemen with him to the assembly.
colonel,96,2,"""What does Mr. Darcy mean,"" said she to Charlotte, ""by listening to my conversation with Colonel Forster?"""
continue,95,3,"""While Mary is adjusting her ideas,"" he continued, ""let us return to Mr. Bingley."""
everything,94,3,"One cannot wonder that so very fine a young man, with family, fortune, everything in his favour, should think highly of himself."
read,93,3,"For you are a young lady of deep reflection, I know, and read great books, and make extracts."""
people,88,3,"Mr. Bingley had soon made himself acquainted with all the principal people in the room: he was lively and unreserved, danced every dance, was angry that the ball closed so early, and talked of giving "
remember,86,3,"As I passed the well-remembered door, which must always be associated in my mind with my wooing, and with the dark incidents of the Study in Scarlet, I was seized with a keen desire to see Holmes agai"
conversation,84,3,"Elizabeth Bennet had been obliged, by the scarcity of gentlemen, to sit down for two dances; and during part of that time, Mr. Darcy had been standing near enough for her to overhear a conversation be"
remain,84,3,Mr. Darcy walked off; and Elizabeth remained with no very cordial feelings towards him.
sort,83,3,"It seems to me to show an abominable sort of conceited independence, a most country-town indifference to decorum."""
watson,82,2,"""I think, Watson, that you have put on seven and a half pounds since I saw you."""
others,80,3,"Lizzy is not a bit better than the others: and I am sure she is not half so handsome as Jane, nor half so good-humoured as Lydia."
glance,78,3,"Let us glance at our Continental Gazetteer."""
mention,74,3,"I have heard you mention them with consideration these twenty years at least."""
silence,73,3,"Elizabeth listened in silence, but was not convinced: their behaviour at the assembly had not been calculated to please in general; and with more quickness of observation and less pliancy of temper th"
join,70,3,"Elizabeth Bennet had been obliged, by the scarcity of gentlemen, to sit down for two dances; and during part of that time, Mr. Darcy had been standing near enough for her to overhear a conversation be"
use,68,3,"Accustomed as I was to my friend's amazing powers in the use of disguises, I had to look three times before I was certain that it was indeed he."
i'm,65,3,"There are no mice in the air, I'm afraid, but you might catch a bat, and that's very like a mouse, you know."
mary,65,3,"What say you, Mary?"
ought,65,3,"When a woman has five grown-up daughters, she ought to give over thinking of her own beauty."""
perfectly,64,3,"Of this she was perfectly unaware: to her he was only the man who made himself agreeable nowhere, and who had not thought her handsome enough to dance with."
forget,63,3,"""But you forget, mamma,"" said Elizabeth, ""that we shall meet him at the assemblies, and that Mrs. Long has promised to introduce him."""
general,63,3,"Sir William and Lady Lucas are determined to go, merely on that account; for in general, you know, they visit no new comers."
new,62,3,He had risen out of his drug-created dreams and was hot upon the scent of some new problem.
strange,62,3,"""And I."" ""You will excuse this mask,"" continued our strange visitor."
thank,62,3,"Elizabeth thanked him from her heart, and then walked towards a table where a few books were lying."
engage,61,3,"""It is more than I engage for, I assure you."""
particular,61,3,"Amongst the most violent against him was Mrs. Bennet, whose dislike of his general behaviour was sharpened into particular resentment by his having slighted one of her daughters."
endeavor,59,2,"""But if a woman is partial to a man, and does not endeavor to conceal it, he must find it out."""
william,58,3,"Sir William and Lady Lucas are determined to go, merely on that account; for in general, you know, they visit no new comers."
circumstance,57,3,They were of a respectable family in the north of England; a circumstance more deeply impressed on their memories than that their brother's fortune and their own had been acquired by trade.
explain,57,3,I could not help laughing at the ease with which he explained his process of deduction.
longer,57,3,"""I am no longer surprised at your knowing _only_ six accomplished women."
thought,56,3,"Mr. Darcy stood near them in silent indignation at such a mode of passing the evening, to the exclusion of all conversation, and was too much engrossed by his own thoughts to perceive that Sir William"
regard,56,2,"On the strength of Darcy's regard, Bingley had the firmest reliance, and of his judgment the highest opinion."
sense,54,3,"With _your_ good sense, to be so honestly blind to the follies and nonsense of others!"
instantly,53,3,"And, taking her hand, he would have given it to Mr. Darcy, who, though extremely surprised, was not unwilling to receive it, when she instantly drew back, and said with some discomposure to Sir Willia"
george,53,2,"[Illustration: ""He came down to see the place"" [_Copyright 1894 by George Allen."
prevent,52,3,"Mrs. Bennet was prevented replying by the entrance of the footman with a note for Miss Bennet; it came from Netherfield, and the servant waited for an answer."
ready,52,3,"If my hair would only change colour, here's a nice little crib all ready for me to step into.'"
usual,52,3,"""I should like balls infinitely better,"" she replied, ""if they were carried on in a different manner; but there is something insufferably tedious in the usual process of such a meeting."
inquiry,52,2,Her inquiries after her sister were not very favourably answered.
occur,51,3,I have already arranged what is to occur.
situation,51,2,"He did look at it, and into it, for half an hour; was pleased with the situation and the principal rooms, satisfied with what the owner said in its praise, and took it immediately."
everybody,49,3,"He was the proudest, most disagreeable man in the world, and everybody hoped that he would never come there again."
entirely,47,3,Happiness in marriage is entirely a matter of chance.
real,46,3,"By all that I have ever read, I am convinced that it is very common indeed; that human nature is particularly prone to it, and that there are very few of us who do not cherish a feeling of self-compla"
thousand,46,3,A single man of large fortune; four or five thousand a year.
merely,45,3,"Sir William and Lady Lucas are determined to go, merely on that account; for in general, you know, they visit no new comers."
oblige,44,3,"They attacked him in various ways, with barefaced questions, ingenious suppositions, and distant surmises; but he eluded the skill of them all; and they were at last obliged to accept the second-hand "
compliment,44,2,"I did not expect such a compliment."""
de,44,2,"--""My mind, however, is now  made up on the subject; for, having received ordination at Easter,  I have been so fortunate as to be distinguished by the patronage of  the Right Honourable Lady Catherin"
importance,43,2,"It had given him a disgust to his business and to his residence in a small market town; and, quitting them both, he had removed with his family to a house about a mile from Meryton, denominated from t"
ladyship,43,2,"--""My mind, however, is now  made up on the subject; for, having received ordination at Easter,  I have been so fortunate as to be distinguished by the patronage of  the Right Honourable Lady Catherin"
sister's,43,2,"""I want to know,"" said she, with a countenance no less smiling than her sister's, ""what you have learnt about Mr. Wickham."
company,42,3,"The gentlemen pronounced him to be a fine figure of a man, the ladies declared he was much handsomer than Mr. Bingley, and he was looked at with great admiration for about half the evening, till his m"
o'clock,41,3,"""There will call upon you to-night, at a quarter to eight o'clock,"" it said, ""a gentleman who desires to consult you upon a matter of the very deepest moment."
neighborhood,41,2,"However little known the feelings or views of such a man may be on his first entering a neighbourhood, this truth is so well fixed in the minds of the surrounding families, that he is considered as th"
depend,40,3,"""Depend upon it, my dear, that when there are twenty, I will visit them all."""
excellent,40,3,They were admirable things for the observer--excellent for drawing the veil from men's motives and actions.
important,40,3,"""This Godfrey Norton was evidently an important factor in the matter."
interesting,40,3,And this promises to be interesting.
hurry,39,3,"It was all very well to say ""Drink me,"" but the wise little Alice was not going to do _that_ in a hurry."
quick,39,3,"Indeed, apart from the nature of the investigation which my friend had on hand, there was something in his masterly grasp of a situation, and his keen, incisive reasoning, which made it a pleasure to "
exceedingly,39,2,"""I am exceedingly gratified,"" said Bingley, ""by your converting what my friend says into a compliment on the sweetness of my temper."
particularly,39,2,"You know how I detest it, unless I am particularly acquainted with my partner."
curiosity,38,3,"With a book, he was regardless of time; and on the present occasion he had a good deal of curiosity as to the event of an evening which had raised such splendid expectations."
whisper,38,3,"""I was half-dragged up to the altar, and before I knew where I was I found myself mumbling responses which were whispered in my ear, and vouching for things of which I knew nothing, and generally assi"
admire,38,2,Mrs. Bennet had seen her eldest daughter much admired by the Netherfield party.
self,38,2,"""_You_ began the evening well, Charlotte,"" said Mrs. Bennet, with civil self-command, to Miss Lucas."
arrive,37,3,The cab and the landau with their steaming horses were in front of the door when I arrived.
extraordinary,37,3,"He was still, as ever, deeply attracted by the study of crime, and occupied his immense faculties and extraordinary powers of observation in following out those clues, and clearing up those mysteries "
favor,37,3,"One cannot wonder that so very fine a young man, with family, fortune, everything in his favour, should think highly of himself."
invitation,37,2,_]] This was invitation enough.
relate,37,2,"She was therefore obliged to seek another branch of the subject, and related, with much bitterness of spirit, and some exaggeration, the shocking rudeness of Mr. Darcy."
hurried,36,3,I paid the man and hurried into the church.
refuse,36,3,"You cannot refuse to dance, I am sure, when so much beauty is before you."""
delight,35,3,You take delight in vexing me.
excuse,35,2,"""His pride,"" said Miss Lucas, ""does not offend _me_ so much as pride often does, because there is an excuse for it."
humor,35,2,"Lizzy is not a bit better than the others: and I am sure she is not half so handsome as Jane, nor half so good-humoured as Lydia."
information,35,2,"She was a woman of mean understanding, little information, and uncertain temper."
pause,34,3,"""Your friend performs delightfully,"" he continued, after a pause, on seeing Bingley join the group; ""and I doubt not that you are an adept in the science yourself, Mr. Darcy."""
quietly,34,3,"She lives quietly, sings at concerts, drives out at five every day, and returns at seven sharp for dinner."
spite,34,3,"Between him and Darcy there was a very steady friendship, in spite of a great opposition of character."
twice,34,3,"His rooms were brilliantly lit, and, even as I looked up, I saw his tall, spare figure pass twice in a dark silhouette against the blind."
purpose,33,3,"""_My_ overhearings were more to the purpose than _yours_, Eliza,"" said Charlotte."
frequently,33,2,"Mrs. Hurst sang with her sister; and while they were thus employed, Elizabeth could not help observing, as she turned over some music-books that lay on the instrument, how frequently Mr. Darcy's eyes "
intend,33,2,"He had always intended to visit him, though to the last always assuring his wife that he should not go; and till the evening after the visit was paid she had no knowledge of it."
absence,32,3,"The evening conversation, when they were all assembled, had lost much of its animation, and almost all its sense, by the absence of Jane and Elizabeth."
distance,32,3,"The village of Longbourn was only one mile from Meryton; a most convenient distance for the young ladies, who were usually tempted thither three or four times a week, to pay their duty to their aunt, "
instead,32,3,"The girls grieved over such a number of ladies; but were comforted the day before the ball by hearing that, instead of twelve, he had brought only six with him from London, his five sisters and a cous"
nearly,32,3,It is nearly five now.
quiet,32,3,"On the contrary, for a small street in a quiet neighbourhood, it was remarkably animated."
sleep,32,3,"I slept at Baker Street that night, and we were engaged upon our toast and coffee in the morning when the King of Bohemia rushed into the room."
disposition,32,2,"She told the story, however, with great spirit among her friends; for she had a lively, playful disposition, which delighted in anything ridiculous."
highly,32,2,Her report was highly favourable.
madam,32,2,"""You may depend upon it, madam,"" said Miss Bingley, with cold civility, ""that Miss Bennet shall receive every possible attention while she remains with us."""
objection,32,2,"""_You_ want to tell me, and I have no objection to hearing it."""
inquire,31,3,"So he inquired who she was, and got introduced, and asked her for the two next."
slowly,31,3,Holmes slowly reopened his eyes and looked impatiently at his gigantic client.
acknowledge,31,2,"Chapter I.] It is a truth universally acknowledged, that a single man in possession of a good fortune must be in want of a wife."
intention,31,2,"_]] On his approaching them soon afterwards, though without seeming to have any intention of speaking, Miss Lucas defied her friend to mention such a subject to him, which immediately provoking Elizab"
motive,31,2,"The distance is nothing, when one has a motive; only three miles."
interrupt,30,3,"I dare say the lace upon Mrs. Hurst's gown----"" Here she was interrupted again."
remarkable,30,3,"'Remarkable as being the scene of the death of Wallenstein, and for its numerous glass-factories and paper-mills.'"
conceal,30,2,"If a woman conceals her affection with the same skill from the object of it, she may lose the opportunity of fixing him; and it will then be but poor consolation to believe the world equally in the da"
considerable,30,2,"""Beyond the obvious facts that he has at some time done manual labour, that he takes snuff, that he is a Freemason, that he has been in China, and that he has done a considerable amount of writing lat"
obvious,30,2,"""Beyond the obvious facts that he has at some time done manual labour, that he takes snuff, that he is a Freemason, that he has been in China, and that he has done a considerable amount of writing lat"
affect,29,2,"how can it affect them?"""
perceive,29,2,"If _I_ can perceive her regard for him, he must be a simpleton indeed not to discover it too."""
avoid,28,3,"""It is a compliment which I never pay to any place if I can avoid it."""
generally,28,3,"It was generally evident, whenever they met, that he _did_ admire her; and to _her_ it was equally evident that Jane was yielding to the preference which she had begun to entertain for him from the fi"
simple,28,3,"""When I hear you give your reasons,"" I remarked, ""the thing always appears to me to be so ridiculously simple that I could easily do it myself, though at each successive instance of your reasoning I a"
john,28,2,"""Is Briony Lodge, Serpentine Avenue, St. John's Wood."""
anybody,27,2,You never see a fault in anybody.
concerned,27,2,"I cannot be otherwise than concerned at being the  means of injuring your amiable daughters, and beg leave to  apologize for it, as well as to assure you of my readiness to make  them every possible a"
habit,27,2,"To me, who knew his every mood and habit, his attitude and manner told their own story."
influence,27,2,"By Jane this attention was received with the greatest pleasure; but Elizabeth still saw superciliousness in their treatment of everybody, hardly excepting even her sister, and could not like them; tho"
directly,26,3,"""Then you would drink a great deal more than you ought,"" said Mrs. Bennet; ""and if I were to see you at it, I should take away your bottle directly."""
eagerly,26,3,"After a song or two, and before she could reply to the entreaties of several that she would sing again, she was eagerly succeeded at the instrument by her sister Mary, who having, in consequence of be"
england,26,3,"His dress was rich with a richness which would, in England, be looked upon as akin to bad taste."
hastily,26,3,"After a time she heard a little pattering of feet in the distance, and she hastily dried her eyes to see what was coming."
proceed,26,3,"""Will it not be advisable, before we proceed on this subject, to arrange with rather more precision the degree of importance which is to appertain to this request, as well as the degree of intimacy su"
complete,26,2,"My own complete happiness, and the home-centred interests which rise up around the man who first finds himself master of his own establishment, were sufficient to absorb all my attention, while Holmes"
describe,26,2,"_I_ never saw such capacity, and taste, and application, and elegance, as you describe, united."""
equally,26,2,"""If I can but see one of my daughters happily settled at Netherfield,"" said Mrs. Bennet to her husband, ""and all the others equally well married, I shall have nothing to wish for."""
especially,26,2,"I declare I do not know a more awful object than Darcy on particular occasions, and in particular places; at his own house especially, and of a Sunday evening, when he has nothing to do."""
finally,26,2,"From time to time I heard some vague account of his doings: of his summons to Odessa in the case of the Trepoff murder, of his clearing up of the singular tragedy of the Atkinson brothers at Trincomal"
recollect,26,2,"""He does not exactly recollect the circumstances, though he has heard them from Mr. Darcy more than once, but he believes that it was left to him _conditionally_ only."""
farther,25,3,"The first half hour was spent in piling up the fire, lest she should suffer from the change of room; and she removed, at his desire, to the other side of the fireplace, that she might be farther from "
neighbor,25,3,"They attacked him in various ways, with barefaced questions, ingenious suppositions, and distant surmises; but he eluded the skill of them all; and they were at last obliged to accept the second-hand "
readily,25,3,"The advice was followed readily, for the feverish symptoms increased, and her head ached acutely."
vanish,25,3,"With a nod he vanished into the bedroom, whence he emerged in five minutes tweed-suited and respectable, as of old."
charming,25,2,and his sisters are charming women.
favorite,25,2,How long has she been such a favourite?
stranger,25,2,He had rather hoped that all his wife's views on the stranger would be disappointed; but he soon found that he had a very different story to hear.
blame,24,3,"It is, in short, impossible for us to conjecture the causes or circumstances which may have alienated them, without actual blame on either side."""
explanation,24,3,"I tried to puzzle it out, but gave it up in despair and set the matter aside until night should bring an explanation."
invite,24,3,"He was at the same time haughty, reserved, and fastidious; and his manners, though well bred, were not inviting."
assurance,24,2,"She had high animal spirits, and a sort of natural self-consequence, which the attentions of the officers, to whom her uncle's good dinners and her own easy manners recommended her, had increased into"
aware,24,2,"Till the next morning, however, she was not aware of all the felicity of her contrivance."
evident,24,2,"It was generally evident, whenever they met, that he _did_ admire her; and to _her_ it was equally evident that Jane was yielding to the preference which she had begun to entertain for him from the fi"
pleasing,24,2,"""But I can assure you,"" she added, ""that Lizzy does not lose much by not suiting _his_ fancy; for he is a most disagreeable, horrid man, not at all worth pleasing."
deny,23,3,"""You excel so much in the dance, Miss Eliza, that it is cruel to deny me the happiness of seeing you; and though this gentleman dislikes the amusement in general, he can have no objection, I am sure, "
extremely,23,3,"He was quite young, wonderfully handsome, extremely agreeable, and, to crown the whole, he meant to be at the next assembly with a large party."
middle,23,3,"I went to my work as usual at ten o'clock, but the door was shut and locked, with a little square of cardboard hammered on to the middle of the panel with a tack."
occasionally,23,3,"Mr. Darcy danced only once with Mrs. Hurst and once with Miss Bingley, declined being introduced to any other lady, and spent the rest of the evening in walking about the room, speaking occasionally t"
standing,23,3,They were all three standing in a knot in front of the altar.
capable,23,2,"You could not have met with a person more capable of giving you certain information on that head than myself--for I have been connected with his family, in a particular manner, from my infancy."""
fortunate,23,2,"The ladies were somewhat more fortunate, for they had the advantage of ascertaining, from an upper window, that he wore a blue coat and rode a black horse."
james,23,2,"""Sarasate plays at the St. James's Hall this afternoon,"" he remarked."
observation,23,2,"Elizabeth listened in silence, but was not convinced: their behaviour at the assembly had not been calculated to please in general; and with more quickness of observation and less pliancy of temper th"
offended,22,3,"cried Alice again, for this time the Mouse was bristling all over, and she felt certain it must be really offended."
consideration,22,2,"I have heard you mention them with consideration these twenty years at least."""
contain,22,2,"Mrs. Bennet deigned not to make any reply; but, unable to contain herself, began scolding one of her daughters."
request,22,2,"Elizabeth, easy and unaffected, had been listened to with much more pleasure, though not playing half so well; and Mary, at the end of a long concerto, was glad to purchase praise and gratitude by Sco"
deeply,21,3,"He was still, as ever, deeply attracted by the study of crime, and occupied his immense faculties and extraordinary powers of observation in following out those clues, and clearing up those mysteries "
touch,21,3,"""I beg that you will not touch me with your filthy hands,"" remarked our prisoner as the handcuffs clattered upon his wrists."
unable,21,3,"Mrs. Bennet deigned not to make any reply; but, unable to contain herself, began scolding one of her daughters."
delightful,21,2,Nothing could be more delightful!
naturally,21,2,"The next morning, however, made an alteration; for in a quarter of an hour's _tête-à-tête_ with Mrs. Bennet before breakfast, a conversation beginning with his parsonage-house, and leading naturally t"
shortly,21,2,"Recovering himself, however, shortly, he turned to his partner, and said,-- ""Sir William's interruption has made me forget what we were talking of."""
actually,20,3,"It is very unlucky; but as I have actually paid the visit, we cannot escape the acquaintance now."""
evidently,20,3,"""This Godfrey Norton was evidently an important factor in the matter."
exclaim,20,3,"Kitty stared at him, and Lydia exclaimed."
fill,20,3,"I lent the ostlers a hand in rubbing down their horses, and received in exchange twopence, a glass of half-and-half, two fills of shag tobacco, and as much information as I could desire about Miss Adl"
ignorant,20,3,"""They have none of them much to recommend them,"" replied he: ""they are all silly and ignorant like other girls; but Lizzy has something more of quickness than her sisters."""
respectable,20,3,They were of a respectable family in the north of England; a circumstance more deeply impressed on their memories than that their brother's fortune and their own had been acquired by trade.
dearest,20,2,"Breakfast was scarcely over when a servant from Netherfield brought the following note for Elizabeth:--  /* NIND ""My dearest Lizzie, */  ""I find myself very unwell this morning, which, I suppose, is t"
intelligence,20,2,"They attacked him in various ways, with barefaced questions, ingenious suppositions, and distant surmises; but he eluded the skill of them all; and they were at last obliged to accept the second-hand "
interested,20,2,"By the way, since you are interested in these little problems, and since you are good enough to chronicle one or two of my trifling experiences, you may be interested in this."""
presence,20,2,But I see that the enemy's preparations have gone so far that we cannot risk the presence of a light.
deserve,19,3,"""I deserve neither such praise nor such censure,"" cried Elizabeth; ""I am _not_ a great reader, and I have pleasure in many things."""
instance,19,3,"He had not been long seated before he complimented Mrs. Bennet on having so fine a family of daughters, said he had heard much of their beauty, but that, in this instance, fame had fallen short of the"
seriously,19,3,"Many stared--many smiled; but no one looked more amused than Mr. Bennet himself, while his wife seriously commended Mr. Collins for having spoken so sensibly, and observed, in a half-whisper to Lady L"
shut,19,3,"Oh, how I wish I could shut up like a telescope!"
sooner,19,3,"But no sooner had he made it clear to himself and his friends that she had hardly a good feature in her face, than he began to find it was rendered uncommonly intelligent by the beautiful expression o"
unfortunate,19,3,It is exceedingly unfortunate that you should be a bachelor.'
cease,19,2,So accustomed was I to his invariable success that the very possibility of his failing had ceased to enter into my head.
dining,19,2,"""Dining out,"" said Mrs. Bennet; ""that is very unlucky."""
ease,19,2,"so much ease, with such perfect good breeding!"""
goodness,19,2,"""To Jane herself,"" she exclaimed, ""there could be no possibility of objection,--all loveliness and goodness as she is!"
misfortune,19,2,"""I beg you will not put it into Lizzy's head to be vexed by his ill-treatment, for he is such a disagreeable man that it would be quite a misfortune to be liked by him."
scotland,19,2,"""Watson, I think you know Mr. Jones, of Scotland Yard?"
aloud,18,3,"""It is from Miss Bingley,"" said Jane, and then read it aloud."
bent,18,3,"His face was bent downward, his shoulders bowed, his lips compressed, and the veins stood out like whipcord in his long, sinewy neck."
clearly,18,3,"Here I had heard what he had heard, I had seen what he had seen, and yet from his words it was evident that he saw clearly not only what had happened but what was about to happen, while to me the whol"
delay,18,3,"Allowing the case, however, to stand according to your representation, you must remember, Miss Bennet, that the friend who is supposed to desire his return to the house, and the delay of his plan, has"
earnestly,18,3,"Miss Bingley moved with alacrity to the pianoforte, and after a polite request that Elizabeth would lead the way, which the other as politely and more earnestly negatived, she seated herself."
footman,18,3,"Pig and Pepper For a minute or two she stood looking at the house, and wondering what to do next, when suddenly a footman in livery came running out of the wood--(she considered him to be a footman be"
put,18,3,Yet the matter was so delicate that I could not confide it to an agent without putting myself in his power.
example,18,2,"For example, you have frequently seen the steps which lead up from the hall to this room."""
human,18,2,I could tell you tales of cobbler's wax which would disgust you with human nature.'
mere,18,2,"""Had there been women in the house, I should have suspected a mere vulgar intrigue."
rejoice,18,2,"She felt it to be the probable consequence of her allusions to Mr. Wickham, and rejoiced in it."
thirty,18,2,"I am but thirty now."""
undoubtedly,18,2,"Bingley likes your sister undoubtedly; but he may never do more than like her, if she does not help him on."""
wooden,18,2,"""There was nothing in the office but a couple of wooden chairs and a deal table, behind which sat a small man with a head that was even redder than mine."
alive,17,3,"""And your mother is alive?"""
altogether,17,3,"And when the party entered the assembly-room, it consisted of only five altogether: Mr. Bingley, his two sisters, the husband of the eldest, and another young man."
anxiously,17,3,"She ate a little bit, and said anxiously to herself, ""Which way?"
gaze,17,3,"""I am Mr. Holmes,"" answered my companion, looking at her with a questioning and rather startled gaze."
nonsense,17,3,"Nonsense, how can you talk so!"
seldom,17,3,"But as no such delicacy restrained her mother, an hour seldom passed in which she did not talk of Bingley, express her impatience for his arrival, or even require Jane to confess that if he did not co"
earnest,17,2,"--""My mind, however, is now  made up on the subject; for, having received ordination at Easter,  I have been so fortunate as to be distinguished by the patronage of  the Right Honourable Lady Catherin"
envelope,17,2,"For a long time he remained there, turning over the leaves and dried sticks, gathering up what seemed to me to be dust into an envelope and examining with his lens not only the ground but even the bar"
expose,17,2,Darcy only smiled; and the general pause which ensued made Elizabeth tremble lest her mother should be exposing herself again.
heartily,17,2,"""That is capital,"" added her sister; and they both laughed heartily."
indifferent,17,2,"""Her indifferent state of health unhappily prevents her being in town; and by that means, as I told Lady Catherine myself one day, has deprived the British Court of its brightest ornament."
judgment,17,2,"Elizabeth listened in silence, but was not convinced: their behaviour at the assembly had not been calculated to please in general; and with more quickness of observation and less pliancy of temper th"
kent,17,2,"/* RIGHT ""Hunsford, near Westerham, Kent, _15th October_."
presume,17,2,"""He is still with you, I presume?"""
secrecy,17,2,"A promise of secrecy was of course very dutifully given, but it could not be kept without difficulty; for the curiosity excited by his long absence burst forth in such very direct questions on his ret"
carefully,16,3,"I carefully examined the writing, and the paper upon which it was written."
humble,16,3,"She had even condescended to advise him to marry as soon as he could, provided he chose with discretion; and had once paid him a visit in his humble parsonage, where she had perfectly approved all the"
reasonable,16,3,"It was reasonable, however, to hope that they would not continue long."
unpleasant,16,3,"When the dancing recommenced, however, and Darcy approached to claim her hand, Charlotte could not help cautioning her, in a whisper, not to be a simpleton, and allow her fancy for Wickham to make her"
accompany,16,2,"Mrs. Bennet, accompanied by her two youngest girls, reached Netherfield soon after the family breakfast."
delicacy,16,2,"After amusing himself some time with their curiosity, he thus explained:--""About a month ago I received this letter, and about a fortnight ago I answered it; for I thought it a case of some delicacy, "
entail,16,2,"[Illustration] Mr. Bennet's property consisted almost entirely in an estate of two thousand a year, which, unfortunately for his daughters, was entailed, in default of heirs male, on a distant relatio"
following,16,2,It was then disclosed in the following manner.
forgive,16,2,"""That is very true,"" replied Elizabeth, ""and I could easily forgive _his_ pride, if he had not mortified _mine_."""
jones,16,2,"On entering his room, I found Holmes in animated conversation with two men, one of whom I recognised as Peter Jones, the official police agent, while the other was a long, thin, sad-faced man, with a "
learnt,16,2,"Mary had heard herself mentioned to Miss Bingley as the most accomplished girl in the neighbourhood; and Catherine and Lydia had been fortunate enough to be never without partners, which was all that "
retain,16,2,"There are several people in the neighbourhood, however, and among them Miss Turner, the daughter of the neighbouring landowner, who believe in his innocence, and who have retained Lestrade, whom you m"
somewhat,16,2,"You have shown your relish for it by the enthusiasm which has prompted you to chronicle, and, if you will excuse my saying so, somewhat to embellish so many of my own little adventures."""
supply,16,2,"[Illustration] Mr. Bennet's property consisted almost entirely in an estate of two thousand a year, which, unfortunately for his daughters, was entailed, in default of heirs male, on a distant relatio"
thanks,16,2,No thanks to his gallantry for that.
meaning,15,3,"""What can be the meaning of that emphatic exclamation?"""
notion,15,3,"He paused in hopes of an answer: but his companion was not disposed to make any; and Elizabeth at that instant moving towards them, he was struck with the notion of doing a very gallant thing, and cal"
one,15,3,"I was then much surprised and interested on glancing down to observe that, though the boots which she was wearing were not unlike each other, they were really odd ones; the one having a slightly decor"
opposite,15,3,"Elizabeth, at work in the opposite corner, saw it all with great delight."
plainly,15,3,"To speak plainly, the matter implicates the great House of Ormstein, hereditary kings of Bohemia."""
precious,15,3,Now it was clear to me that our lady of to-day had nothing in the house more precious to her than what we are in quest of.
amid,15,2,"The swing of his nature took him from extreme languor to devouring energy; and, as I knew well, he was never so truly formidable as when, for days on end, he had been lounging in his armchair amid his"
beneath,15,2,"His brows were drawn into two hard black lines, while his eyes shone out from beneath them with a steely glitter."
informed,15,2,"I scarcely know any one who cannot do all this; and I am sure I never heard a young lady spoken of for the first time, without being informed that she was very accomplished."""
insist,15,2,"They insist also on  my seeing Mr. Jones--therefore do not be alarmed if you should hear  of his having been to me--and, excepting a sore throat and a  headache, there is not much the matter with me."
observing,15,2,"Observing his second daughter employed in trimming a hat, he suddenly addressed her with,-- ""I hope Mr. Bingley will like it, Lizzy."""
somebody,15,2,"But if _we_ do not venture, somebody else will; and after all, Mrs. Long and her nieces must stand their chance; and, therefore, as she will think it an act of kindness, if you decline the office, I w"
utter,15,2,"Elizabeth preserved as steady a silence as either Mrs. Hurst or Miss Bingley; and even Lydia was too much fatigued to utter more than the occasional exclamation of ""Lord, how tired I am!"""
asleep,14,3,"A Mad Tea-Party There was a table set out under a tree in front of the house, and the March Hare and the Hatter were having tea at it: a Dormouse was sitting between them, fast asleep, and the other t"
guinea,14,3,A hundred and fifty guineas apiece.
natured,14,3,In everything else she is as good-natured a girl as ever lived.
useful,14,3,"Vincent Spaulding seemed to know so much about it that I thought he might prove useful, so I just ordered him to put up the shutters for the day and to come right away with me."
amuse,14,2,"The two youngest of the family, Catherine and Lydia, were particularly frequent in these attentions: their minds were more vacant than their sisters', and when nothing better offered, a walk to Meryto"
announce,14,2,"Three gilt balls and a brown board with ""JABEZ WILSON"" in white letters, upon a corner house, announced the place where our red-headed client carried on his business."
entreaty,14,2,"[Illustration: ""The entreaties of several"" [_Copyright 1894 by George Allen."
silly,14,2,"""They have none of them much to recommend them,"" replied he: ""they are all silly and ignorant like other girls; but Lizzy has something more of quickness than her sisters."""
trap,14,2,"shouted Mr. Windibank, turning white to his lips and glancing about him like a rat in a trap."
arrange,13,3,I have already arranged what is to occur.
bye,13,3,"""'Then, good-bye, Mr. Jabez Wilson, and let me congratulate you once more on the important position which you have been fortunate enough to gain.'"
completely,13,3,"""You either choose this method of passing the evening because you are in each other's confidence, and have secret affairs to discuss, or because you are conscious that your figures appear to the great"
crowd,13,3,"Holmes dashed into the crowd to protect the lady; but, just as he reached her, he gave a cry and dropped to the ground, with the blood running freely down his face."
gather,13,3,"Now, what did you gather from that woman's appearance?"
gravely,13,3,"he said gravely, 'that is very serious indeed!"
impatiently,13,3,"but the Mouse only shook its head impatiently, and walked a little quicker."
nearer,13,3,"Just then she heard something splashing about in the pool a little way off, and she swam nearer to make out what it was: at first she thought it must be a walrus or hippopotamus, but then she remember"
presently,13,3,"Presently he emerged, looking even more flurried than before."
thoroughly,13,3,"He appeared to be in a great hurry, shouted to the cabman to wait, and brushed past the maid who opened the door with the air of a man who was thoroughly at home."
vague,13,3,"From time to time I heard some vague account of his doings: of his summons to Odessa in the case of the Trepoff murder, of his clearing up of the singular tragedy of the Atkinson brothers at Trincomal"
communicate,13,2,"If not, I should much prefer to communicate with you alone."""
county,13,2,"I rang the bell and called for the weekly county paper, which contained a verbatim account of the inquest."
dozen,13,2,"I lent the ostlers a hand in rubbing down their horses, and received in exchange twopence, a glass of half-and-half, two fills of shag tobacco, and as much information as I could desire about Miss Adl"
error,13,2,"My conduct may, I fear, be objectionable in having accepted my dismission from your daughter's lips instead of your own; but we are all liable to error."
extreme,13,2,"I understand that this gentleman, your friend, is a man of honour and discretion, whom I may trust with a matter of the most extreme importance."
favorable,13,2,Her report was highly favourable.
governess,13,2,"""Has your governess left you?"""
joke,13,2,"It was a pretty expensive joke for them, for it cost them two and thirty pounds."""
justify,13,2,The former was divided between admiration of the brilliancy which exercise had given to her complexion and doubt as to the occasion's justifying her coming so far alone.
liberty,13,2,"Mr. Bingley intended it likewise, and sometimes made choice of his county; but, as he was now provided with a good house and the liberty of a manor, it was doubtful to many of those who best knew the "
possess,13,2,"A woman must have a thorough knowledge of music, singing, drawing, dancing, and the modern languages, to deserve the word; and, besides all this, she must possess a certain something in her air and ma"
quest,13,2,"She then yawned again, threw aside her book, and cast her eyes round the room in quest of some amusement; when, hearing her brother mentioning a ball to Miss Bennet, she turned suddenly towards him an"
remarkably,13,2,"With _them_ he is remarkably agreeable."""
unknown,13,2,"Mr. Philips visited them all, and this opened to his nieces a source of felicity unknown before."
utmost,13,2,"He protested that, except Lady Catherine and her daughter, he had never seen a more elegant woman; for she had not only received him with the utmost civility, but had even pointedly included him in he"
burst,12,3,"Sherlock Holmes and I surveyed this curt announcement and the rueful face behind it, until the comical side of the affair so completely overtopped every other consideration that we both burst out into"
fetch,12,3,"And it'll fetch things when you throw them, and it'll sit up and beg for its dinner, and all sorts of things--I can't remember half of them--and it belongs to a farmer, you know, and he says it's so u"
haste,12,3,"Well, Jane, make haste and tell us; make haste, my love."""
lest,12,3,Darcy only smiled; and the general pause which ensued made Elizabeth tremble lest her mother should be exposing herself again.
living,12,3,"A fortunate chance had recommended him to Lady Catherine de Bourgh when the living of Hunsford was vacant; and the respect which he felt for her high rank, and his veneration for her as his patroness,"
nay,12,3,"""Nay, if you are so serious about it, I shall consider the matter as absolutely settled."
peep,12,3,"Over the edge there peeped a clean-cut, boyish face, which looked keenly about it, and then, with a hand on either side of the aperture, drew itself shoulder-high and waist-high, until one knee rested"
relieve,12,3,"Her curiosity, however, was unexpectedly relieved."
stupid,12,3,"So she was considering in her own mind (as well as she could, for the hot day made her feel very sleepy and stupid), whether the pleasure of making a daisy-chain would be worth the trouble of getting "
apologize,12,2,"I cannot be otherwise than concerned at being the  means of injuring your amiable daughters, and beg leave to  apologize for it, as well as to assure you of my readiness to make  them every possible a"
correct,12,2,"It is not too much to say that once or twice, as in that business of the Sholto murder and the Agra treasure, he has been more nearly correct than the official force."""
descend,12,2,We descended and started off once more for Briony Lodge.
familiar,12,2,"The name is no doubt familiar to you."""
hasten,12,2,"And gathering her work together, she was hastening away, when Elizabeth called out,-- ""Dear ma'am, do not go."
impatience,12,2,"Elizabeth's eyes were fixed on her, with most painful sensations; and she watched her progress through the several stanzas with an impatience which was very ill rewarded at their close; for Mary, on r"
imprudence,12,2,"A man of honour could not have doubted the intention, but Mr. Darcy chose to doubt it--or to treat it as a merely conditional recommendation, and to assert that I had forfeited all claim to it by extr"
insufficient,12,2,"Mr. Bennet was so odd a mixture of quick parts, sarcastic humour, reserve, and caprice, that the experience of three-and-twenty years had been insufficient to make his wife understand his character."
interruption,12,2,"Mrs. Bennet and her daughters apologized most civilly for Lydia's interruption, and promised that it should not occur again, if he would resume his book; but Mr. Collins, after assuring them that he b"
peace,12,2,"As a clergyman,  moreover, I feel it my duty to promote and establish the blessing  of peace in all families within the reach of my influence; and on  these grounds I flatter myself that my present ov"
recall,12,2,I cannot recall when I have seen anything so fine.'
reward,12,2,Pray tell me in what way I can reward you.
stoke,12,2,"Of all these varied cases, however, I cannot recall any which presented more singular features than that which was associated with the well-known Surrey family of the Roylotts of Stoke Moran."
upper,12,2,"He carried a broad-brimmed hat in his hand, while he wore across the upper part of his face, extending down past the cheekbones, a black vizard mask, which he had apparently adjusted that very moment,"
warmly,12,2,"Miss Bingley warmly resented the indignity he had received, in an expostulation with her brother for talking such nonsense."
absurd,11,3,"His cousin was as absurd as he had hoped; and he listened to him with the keenest enjoyment, maintaining at the same time the most resolute composure of countenance, and, except in an occasional glanc"
alter,11,3,"""But people themselves alter so much, that there is something new to be observed in them for ever."""
busy,11,3,"""I have been too busy to think of food, and I am likely to be busier still this evening."
crowded,11,3,"It was high time to go, for the pool was getting quite crowded with the birds and animals that had fallen into it: there were a Duck and a Dodo, a Lory and an Eaglet, and several other curious creatur"
exact,11,3,It is a hobby of mine to have an exact knowledge of London.
grief,11,3,Folk who were in grief came to my wife like birds to a lighthouse.
impatient,11,3,"After a song or two, and before she could reply to the entreaties of several that she would sing again, she was eagerly succeeded at the instrument by her sister Mary, who having, in consequence of be"
loudly,11,3,"She was flattered by the gentleman's attentions, and the effect was increased by the loudly expressed admiration of her mother."
quickly,11,3,You see how quickly the deed followed the sign when it came from Dundee.
confine,11,2,Your task is confined to that.
defect,11,2,They always continue to grow sufficiently unlike afterwards to have their share of vexation; and it is better to know as little as possible of the defects of the person with whom you are to pass your 
devote,11,2,It is a subject to which I have devoted some little attention.
dirty,11,2,The portly client puffed out his chest with an appearance of some little pride and pulled a dirty and wrinkled newspaper from the inside pocket of his greatcoat.
disappear,11,2,He disappeared into his bedroom and returned in a few minutes in the character of an amiable and simple-minded Nonconformist clergyman.
disturb,11,2,"""Witness: I was so disturbed and excited as I rushed out into the open, that I could think of nothing except of my father."
essential,11,2,"But it was essential that they should use it soon, as it might be discovered, or the bullion might be removed."
foresee,11,2,"If we could fly out of that window hand in hand, hover over this great city, gently remove the roofs, and peep in at the queer things which are going on, the strange coincidences, the plannings, the c"
formidable,11,2,"""It is nothing very formidable,"" he said, taking a long cigar-shaped roll from his pocket."
handkerchief,11,2,She pulled a little handkerchief out of her muff and began to sob heavily into it.
ignorance,11,2,"I see nothing in it but your own wilful ignorance and the malice of Mr. Darcy."""
immense,11,2,"He was still, as ever, deeply attracted by the study of crime, and occupied his immense faculties and extraordinary powers of observation in following out those clues, and clearing up those mysteries "
indebted,11,2,"From the drawing-room they could distinguish nothing in the lane, and were indebted to Mr. Collins for the knowledge of what carriages went along, and how often especially Miss De Bourgh drove by in h"
refer,11,2,"And when he speaks of Irene Adler, or when he refers to her photograph, it is always under the honourable title of _the_ woman."
refusal,11,2,"""I am not now to learn,"" replied Mr. Collins, with a formal wave of the hand, ""that it is usual with young ladies to reject the addresses of the man whom they secretly mean to accept, when he first ap"
remind,11,2,"She was very equal, therefore, to address Mr. Bingley on the subject of the ball, and abruptly reminded him of his promise; adding, that it would be the most shameful thing in the world if he did not "
rid,11,2,"Miss Bingley saw, or suspected, enough to be jealous; and her great anxiety for the recovery of her dear friend Jane received some assistance from her desire of getting rid of Elizabeth."
scruple,11,2,"""Why, indeed, he does seem to have had some filial scruples on that head, as you will hear."""
sob,11,2,"repeated the Pigeon, but in a more subdued tone, and added with a kind of sob, ""I've tried every way, and nothing seems to suit them!"""
temptation,11,2,"She answered in the affirmative; and, unable to resist the temptation, added, ""When you met us there the other day, we had just been forming a new acquaintance."""
threaten,11,2,"""Threatens to send them the photograph."
willing,11,2,"Allowing for the common demands of the game, Mr. Wickham was therefore at leisure to talk to Elizabeth, and she was very willing to hear him, though what she chiefly wished to hear she could not hope "
accustom,10,3,"""But you can understand,"" said our strange visitor, sitting down once more and passing his hand over his high white forehead, ""you can understand that I am not accustomed to doing such business in my "
coming,10,3,"It was already dusk, and the lamps were just being lighted as we paced up and down in front of Briony Lodge, waiting for the coming of its occupant."
confused,10,3,"""Why, _she_, of course,"" said the Dodo, pointing to Alice with one finger; and the whole party at once crowded round her, calling out in a confused way, ""Prizes!"
dreadfully,10,3,"""If it had grown up,"" she said to herself, ""it would have made a dreadfully ugly child: but it makes rather a handsome pig, I think."""
fairly,10,3,"The table was set out ready for me, and Mr. Duncan Ross was there to see that I got fairly to work."
nicely,10,3,"""You did it very nicely, Doctor,"" he remarked."
solemn,10,3,"Mr. Collins, awkward and solemn, apologizing instead of attending, and often moving wrong without being aware of it, gave her all the shame and misery which a disagreeable partner for a couple of danc"
spread,10,3,"""How cheerfully he seems to grin,  How neatly spread his claws, And welcome little fishes in  With gently smiling jaws!"""
accuse,10,2,"Certain it is that the living became vacant two years ago, exactly as I was of an age to hold it, and that it was given to another man; and no less certain is it, that I cannot accuse myself of having"
allude,10,2,"""You allude, perhaps, to the entail of this estate."""
betray,10,2,She was perfectly sensible that he never had: but she wished to see whether he would betray any consciousness of what had passed between the Bingleys and Jane; and she thought he looked a little confu
compare,10,2,"The gentlemen pronounced him to be a fine figure of a man, the ladies declared he was much handsomer than Mr. Bingley, and he was looked at with great admiration for about half the evening, till his m"
considerably,10,2,I need not point out to you that your refusal to answer will prejudice your case considerably in any future proceedings which may arise.
convey,10,2,It will end in my being conveyed into the house.
dispose,10,2,"He paused in hopes of an answer: but his companion was not disposed to make any; and Elizabeth at that instant moving towards them, he was struck with the notion of doing a very gallant thing, and cal"
entreat,10,2,"I entreat you not to suppose that I moved this way in order to beg for a partner."""
extend,10,2,"Boots which extended halfway up his calves, and which were trimmed at the tops with rich brown fur, completed the impression of barbaric opulence which was suggested by his whole appearance."
freely,10,2,"Holmes dashed into the crowd to protect the lady; but, just as he reached her, he gave a cry and dropped to the ground, with the blood running freely down his face."
gently,10,2,"All the afternoon he sat in the stalls wrapped in the most perfect happiness, gently waving his long, thin fingers in time to the music, while his gently smiling face and his languid, dreamy eyes were"
glimpse,10,2,"""He was in the house about half an hour, and I could catch glimpses of him in the windows of the sitting-room, pacing up and down, talking excitedly, and waving his arms."
incapable,10,2,"Miss Bingley, however, was incapable of disappointing Mr. Darcy in anything, and persevered, therefore, in requiring an explanation of his two motives."
indulge,10,2,"To this speech Bingley made no answer; but his sisters gave it their hearty assent, and indulged their mirth for some time at the expense of their dear friend's vulgar relations."
openly,10,2,"When they sat down to supper, therefore, she considered it a most unlucky perverseness which placed them within one of each other; and deeply was she vexed to find that her mother was talking to that "
propriety,10,2,"Mr. Darcy, with grave propriety, requested to be allowed the honour of her hand, but in vain."
repeatedly,10,2,"Mr. Darcy was writing, and Miss Bingley, seated near him, was watching the progress of his letter, and repeatedly calling off his attention by messages to his sister."
shrug,10,2,The Count shrugged his broad shoulders.
similar,10,2,"As a rule, when I have heard some slight indication of the course of events, I am able to guide myself by the thousands of other similar cases which occur to my memory."
sufficient,10,2,"My own complete happiness, and the home-centred interests which rise up around the man who first finds himself master of his own establishment, were sufficient to absorb all my attention, while Holmes"
thither,10,2,"The village of Longbourn was only one mile from Meryton; a most convenient distance for the young ladies, who were usually tempted thither three or four times a week, to pay their duty to their aunt, "
truly,10,2,"How can Mr. Bingley, who seems good-humour itself, and is, I really believe, truly amiable, be in friendship with such a man?"
tut,10,2,"But how on earth--"" ""Oh, tut, tut!"
uncommonly,10,2,"Upon my honour, I never met with so many pleasant girls in my life as I have this evening; and there are several of them, you see, uncommonly pretty."""
unexpected,10,2,"The subjection in which his father had brought him up had given him originally great humility of manner; but it was now a good deal counteracted by the self-conceit of a weak head, living in retiremen"
unite,10,2,"It was generally evident, whenever they met, that he _did_ admire her; and to _her_ it was equally evident that Jane was yielding to the preference which she had begun to entertain for him from the fi"
vary,10,2,"After playing some Italian songs, Miss Bingley varied the charm by a lively Scotch air; and soon afterwards Mr. Darcy, drawing near Elizabeth, said to her,-- ""Do you not feel a great inclination, Miss"
violently,10,2,"It does not often happen that the interference of friends will persuade a young man of independent fortune to think no more of a girl whom he was violently in love with only a few days before."""
visible,10,2,"""You are to watch me, for I will be visible to you."""
warning,10,2,"""We have had several warnings that an attempt might be made upon it."""
alas,9,3,"Suddenly she came upon a little three-legged table, all made of solid glass; there was nothing on it except a tiny golden key, and Alice's first thought was that it might belong to one of the doors of"
existence,9,3,My life is spent in one long effort to escape from the commonplaces of existence.
odd,9,3,"Mr. Bennet was so odd a mixture of quick parts, sarcastic humour, reserve, and caprice, that the experience of three-and-twenty years had been insufficient to make his wife understand his character."
personal,9,3,"The daughter was of a good, amiable disposition, but affectionate and warm-hearted in her ways, so that it was evident that with her fair personal advantages, and her little income, she would not be a"
rapidly,9,3,"Shortly after my return I heard the wheels of his trap in the yard, and, looking out of my window, I saw him get out and walk rapidly out of the yard, though I was not aware in which direction he was "
suppress,9,3,"Here one of the guinea-pigs cheered, and was immediately suppressed by the officers of the court."
wide,9,3,"""Cheshire Puss,"" she began, rather timidly, as she did not at all know whether it would like the name: however, it only grinned a little wider."
abode,9,2,"""The garden in which stands my humble abode is separated only by a lane from Rosings Park, her Ladyship's residence."""
alteration,9,2,"She had even condescended to advise him to marry as soon as he could, provided he chose with discretion; and had once paid him a visit in his humble parsonage, where she had perfectly approved all the"
attract,9,2,"He was still, as ever, deeply attracted by the study of crime, and occupied his immense faculties and extraordinary powers of observation in following out those clues, and clearing up those mysteries "
bind,9,2,She was bound to have me in.
charles,9,2,"Charles, when you build _your_ house, I wish it may be half as delightful as Pemberley."""
chuckle,9,2,"He chuckled to himself and rubbed his long, nervous hands together."
converse,9,2,"""Certainly not, at first; but they are very pleasing women when you converse with them."
dignity,9,2,"Elizabeth made no answer, and took her place in the set, amazed at the dignity to which she was arrived in being allowed to stand opposite to Mr. Darcy, and reading in her neighbours' looks their equa"
eligible,9,2,"A military life is not what I was intended for, but circumstances have now made it eligible."
extent,9,2,"""Your list of the common extent of accomplishments,"" said Darcy, ""has too much truth."
fully,9,2,Mr. Bennet's expectations were fully answered.
household,9,2,"""And now, Mr. Wilson, off you go at scratch and tell us all about yourself, your household, and the effect which this advertisement had upon your fortunes."
improbable,9,2,Jane confessed herself a little surprised at the match: but she said less of her astonishment than of her earnest desire for their happiness; nor could Elizabeth persuade her to consider it as improba
ma'am,9,2,"_]] ""Are you quite sure, ma'am?"
obtain,9,2,"She had obtained private intelligence that Mr. Darcy did not wish for cards, and Mr. Hurst soon found even his open petition rejected."
ordinary,9,2,"""It is an ordinary plumber's smoke-rocket, fitted with a cap at either end to make it self-lighting."
poison,9,2,"But now the spell had been upon him eight-and-forty hours, and he lay there, doubtless among the dregs of the docks, breathing in the poison or sleeping off the effects."
politely,9,2,"said the Mouse, frowning, but very politely: ""Did you speak?"""
previous,9,2,"The pipe was still between his lips, the smoke still curled upward, and the room was full of a dense tobacco haze, but nothing remained of the heap of shag which I had seen upon the previous night."
quadrille,9,2,The Mock Turtle's Story  CHAPTER X. The Lobster Quadrille  CHAPTER XI.
resemblance,9,2,"""This is no very striking resemblance of your own character, I am sure,"" said he."
speedily,9,2,Sir William and Lady Lucas were speedily applied to for their consent; and it was bestowed with a most joyful alacrity.
uneasiness,9,2,"*/ ""Dear Sir,  ""The disagreement subsisting between yourself and my late honoured  father always gave me much uneasiness; and, since I have had the  misfortune to lose him, I have frequently wished to"
unfold,9,2,"""Yes: these four evenings have enabled them to ascertain that they both like Vingt-un better than Commerce, but with respect to any other leading characteristic, I do not imagine that much has been un"
unusual,9,2,"""Quite so; but the sequel was rather unusual."
useless,9,2,"Vain indeed must be all her attentions, vain and useless her affection for his sister and her praise of himself, if he were already self-destined to another."
closely,8,3,"I walked round it and examined it closely from every point of view, but without noting anything else of interest."
denial,8,3,"But I am afraid you are giving it a turn which that gentleman did by no means intend; for he would certainly think the better of me if, under such a circumstance, I were to give a flat denial, and rid"
exclamation,8,3,"""What can be the meaning of that emphatic exclamation?"""
fourth,8,3,"""Third right, fourth left,"" answered the assistant promptly, closing the door."
laughter,8,3,"Sherlock Holmes and I surveyed this curt announcement and the rueful face behind it, until the comical side of the affair so completely overtopped every other consideration that we both burst out into"
prize,8,3,"At last the Dodo said, ""_Everybody_ has won, and all must have prizes."""
pronounce,8,3,"Mr. Bennet's emotions were much more tranquil on the occasion, and such as he did experience he pronounced to be of a most agreeable sort; for it gratified him, he said, to discover that Charlotte Luc"
advisable,8,2,"She would not listen, therefore, to her daughter's proposal of being carried home; neither did the apothecary, who arrived about the same time, think it at all advisable."
ascend,8,2,"I left the breakfast-table, and as I ascended the stair I met him coming down with an old rusty key, which must have belonged to the attic, in one hand, and a small brass box, like a cashbox, in the o"
assume,8,2,"His expression, his manner, his very soul seemed to vary with every fresh part that he assumed."
awake,8,2,"""Awake, Watson?"""
ay,8,2,"""Ay, so it is,"" cried her mother, ""and Mrs. Long does not come back till the day before; so, it will be impossible for her to introduce him, for she will not know him herself."""
backward,8,2,"He took a step backward, cocked his head on one side, and gazed at my hair until I felt quite bashful."
characteristic,8,2,"Now, you remark in this note of yours, Mr. Windibank, that in every case there is some little slurring over of the 'e,' and a slight defect in the tail of the 'r.' There are fourteen other characteris"
condescend,8,2,"""Undoubtedly,"" replied Darcy, to whom this remark was chiefly addressed, ""there is meanness in _all_ the arts which ladies sometimes condescend to employ for captivation."
deference,8,2,"I assure you that if Darcy were not such a great tall fellow, in comparison with myself, I should not pay him half so much deference."
depart,8,2,"Mrs. Bennet and her daughters then departed, and Elizabeth returned instantly to Jane, leaving her own and her relations' behaviour to the remarks of the two ladies and Mr. Darcy; the latter of whom, "
desirous,8,2,"Darcy made no answer, and seemed desirous of changing the subject."
differently,8,2,"For my part, Mr. Bingley, _I_ always keep servants that can do their own work; _my_ daughters are brought up differently."
enable,8,2,"I found the ash of a cigar, which my special knowledge of tobacco ashes enables me to pronounce as an Indian cigar."
engaging,8,2,My brother admires her greatly already; he will have frequent opportunity now of seeing her on the most intimate footing; her relations all wish the connection as much as his own; and a sister's parti
forth,8,2,"Suddenly, amid all the hubbub of the gale, there burst forth the wild scream of a terrified woman."
france,8,2,"We had occasion some months ago to strengthen our resources and borrowed for that purpose 30,000 napoleons from the Bank of France."
gradually,8,2,The expression of his face changed gradually from indignant contempt to a composed and steady gravity.
imagination,8,2,"A lady's imagination is very rapid; it jumps from admiration to love, from love to matrimony, in a moment."
impress,8,2,"""Well, now, in considering this case there are two points about young McCarthy's narrative which struck us both instantly, although they impressed me in his favour and you against him."
obey,8,2,"However, I threw all fears to the winds, ate a hearty supper, drove to Paddington, and started off, having obeyed to the letter the injunction as to holding my tongue."
persist,8,2,"To such perseverance in wilful self-deception Elizabeth would make no reply, and immediately and in silence withdrew; determined, that if he persisted in considering her repeated refusals as flatterin"
repeating,8,2,"She longed to speak, but could think of nothing to say; and after a short silence Mrs. Bennet began repeating her thanks to Mr. Bingley for his kindness to Jane, with an apology for troubling him also"
resist,8,2,"[Illustration] As no objection was made to the young people's engagement with their aunt, and all Mr. Collins's scruples of leaving Mr. and Mrs. Bennet for a single evening during his visit were most "
satisfactory,8,2,"[Illustration] Not all that Mrs. Bennet, however, with the assistance of her five daughters, could ask on the subject, was sufficient to draw from her husband any satisfactory description of Mr. Bingl"
sex,8,2,"""Are you so severe upon your own sex as to doubt the possibility of all this?"""
sharply,8,2,"said Alice to herself, rather sharply; ""I advise you to leave off this minute!"""
sixteen,8,2,"She is a handsome girl, about fifteen or sixteen, and, I understand, highly accomplished."
sleepy,8,2,"So she was considering in her own mind (as well as she could, for the hot day made her feel very sleepy and stupid), whether the pleasure of making a daisy-chain would be worth the trouble of getting "
solemnly,8,2,"""In that case,"" said the Dodo solemnly, rising to its feet, ""I move that the meeting adjourn, for the immediate adoption of more energetic remedies--"" ""Speak English!"""
summon,8,2,"[Illustration] At five o'clock the two ladies retired to dress, and at half-past six Elizabeth was summoned to dinner."
talent,8,2,"""You judge very properly,"" said Mr. Bennet; ""and it is happy for you that you possess the talent of flattering with delicacy."
tis,8,2,"""'Tis so,"" said the Duchess: ""and the moral of that is--'Oh, 'tis love, 'tis love, that makes the world go round!'"
unnecessary,8,2,"The goose we retained until this morning, when there were signs that, in spite of the slight frost, it would be well that it should be eaten without unnecessary delay."
weakness,8,2,"But it has been the study of my life to avoid those weaknesses which often expose a strong understanding to ridicule."""
hurrying,7,3,"The roadway was blocked with the immense stream of commerce flowing in a double tide inward and outward, while the footpaths were black with the hurrying swarm of pedestrians."
plead,7,3,pleaded poor Alice.
plenty,7,3,"There's plenty of thread, no doubt, but I can't get the end of it into my hand."
savage,7,3,"won't she be savage if I've kept her waiting!"""
simply,7,3,"Alice thought the whole thing very absurd, but they all looked so grave that she did not dare to laugh; and, as she could not think of anything to say, she simply bowed, and took the thimble, looking "
uncommon,7,3,"You are charmingly grouped, and appear to uncommon advantage."
yawn,7,3,"At length, quite exhausted by the attempt to be amused with her own book, which she had only chosen because it was the second volume of his, she gave a great yawn and said, ""How pleasant it is to spen"
apparently,7,2,"He carried a broad-brimmed hat in his hand, while he wore across the upper part of his face, extending down past the cheekbones, a black vizard mask, which he had apparently adjusted that very moment,"
ascertain,7,2,I was ascertaining whether the cellar stretched out in front or behind.
awaken,7,2,"At length, however, his civility was so far awakened as to inquire of Elizabeth after the health of her family."
busily,7,2,"Alice glanced rather anxiously at the cook, to see if she meant to take the hint; but the cook was busily stirring the soup, and seemed not to be listening, so she went on again: ""Twenty-four hours, I"
china,7,2,"""Beyond the obvious facts that he has at some time done manual labour, that he takes snuff, that he is a Freemason, that he has been in China, and that he has done a considerable amount of writing lat"
correspondence,7,2,"The next was in these words:--""'I do not pretend to regret anything I shall leave in Hertfordshire except your society, my dearest friend; but we will hope, at some future period, to enjoy many return"
cruelty,7,2,They had often attempted it before: but it was a subject on which Mrs. Bennet was beyond the reach of reason; and she continued to rail bitterly against the cruelty of settling an estate away from a f
derive,7,2,"She has the reputation of being remarkably sensible and clever; but I rather believe she derives part of her abilities from her rank and fortune, part from her authoritative manner, and the rest from "
destroy,7,2,"You know me too well to think that I am boasting when I say that I shall either confirm or destroy his theory by means which he is quite incapable of employing, or even of understanding."
dissatisfy,7,2,"Bingley was endeared to Darcy by the easiness, openness, and ductility of his temper, though no disposition could offer a greater contrast to his own, and though with his own he never appeared dissati"
endure,7,2,"So high and so conceited, that there was no enduring him!"
establishment,7,2,Only think what an establishment it would be for one of them.
exceed,7,2,Miss Bingley was then sorry that she had proposed the delay; for her jealousy and dislike of one sister much exceeded her affection for the other.
finer,7,2,"There is not a finer county in England than Derbyshire."""
happily,7,2,"""If I can but see one of my daughters happily settled at Netherfield,"" said Mrs. Bennet to her husband, ""and all the others equally well married, I shall have nothing to wish for."""
hurriedly,7,2,"The furniture was scattered about in every direction, with dismantled shelves and open drawers, as if the lady had hurriedly ransacked them before her flight."
lot,7,2,I should recommend you also to send a note by the cabman to your wife to say that you have thrown in your lot with me.
mixture,7,2,"Mr. Bennet was so odd a mixture of quick parts, sarcastic humour, reserve, and caprice, that the experience of three-and-twenty years had been insufficient to make his wife understand his character."
murmur,7,2,"""I was also aware of that,"" murmured Holmes, settling himself down in his armchair and closing his eyes."
mutter,7,2,"The most lay silent, but some muttered to themselves, and others talked together in a strange, low, monotonous voice, their conversation coming in gushes, and then suddenly tailing off into silence, e"
pat,7,2,"The next thing was to eat the comfits: this caused some noise and confusion, as the large birds complained that they could not taste theirs, and the small ones choked and had to be patted on the back."
pencil,7,2,"Written in pencil upon the fly-leaf of a book, octavo size, no water-mark."
pitiable,7,2,"He was in a pitiable state of reaction, with every nerve in a twitter."
pledge,7,2,"Why, all the morning he was saying to me that, whatever happened, I was to be true; and that even if something quite unforeseen occurred to separate us, I was always to remember that I was pledged to "
proportion,7,2,"""I admire the activity of your benevolence,"" observed Mary, ""but every impulse of feeling should be guided by reason; and, in my opinion, exertion should always be in proportion to what is required."""
rely,7,2,"""I was sure that I might rely on you."""
residence,7,2,"It had given him a disgust to his business and to his residence in a small market town; and, quitting them both, he had removed with his family to a house about a mile from Meryton, denominated from t"
restraint,7,2,Between Elizabeth and Charlotte there was a restraint which kept them mutually silent on the subject; and Elizabeth felt persuaded that no real confidence could ever subsist between them again.
reveal,7,2,"Yet, with all this, you  made me reveal what you wanted to know."
safely,7,2,Your recent services to one of the royal houses of Europe have shown that you are one who may safely be trusted with matters which are of an importance which can hardly be exaggerated.
scatter,7,2,"The furniture was scattered about in every direction, with dismantled shelves and open drawers, as if the lady had hurriedly ransacked them before her flight."
thoughtfully,7,2,"Alice remained looking thoughtfully at the mushroom for a minute, trying to make out which were the two sides of it; and as it was perfectly round, she found this a very difficult question."
tiny,7,2,"Suddenly she came upon a little three-legged table, all made of solid glass; there was nothing on it except a tiny golden key, and Alice's first thought was that it might belong to one of the doors of"
traveler,7,2,Her fellow-travellers the next day were not of a kind to make her think him less agreeable.
treasure,7,2,"It is not too much to say that once or twice, as in that business of the Sholto murder and the Agra treasure, he has been more nearly correct than the official force."""
trifling,7,2,People do not die of little trifling colds.
burning,6,3,"Out of the black shadows there glimmered little red circles of light, now bright, now faint, as the burning poison waxed or waned in the bowls of the metal pipes."
cheer,6,3,"Then they all crowded round her once more, while the Dodo solemnly presented the thimble, saying ""We beg your acceptance of this elegant thimble;"" and, when it had finished this short speech, they all"
neighboring,6,3,"They appear to have avoided the society of the neighbouring English families and to have led retired lives, though both the McCarthys were fond of sport and were frequently seen at the race-meetings o"
planning,6,3,"If we could fly out of that window hand in hand, hover over this great city, gently remove the roofs, and peep in at the queer things which are going on, the strange coincidences, the plannings, the c"
stamp,6,3,"""One day--it was in March, 1883--a letter with a foreign stamp lay upon the table in front of the colonel's plate."
actual,6,2,"It is, in short, impossible for us to conjecture the causes or circumstances which may have alienated them, without actual blame on either side."""
admirable,6,2,They were admirable things for the observer--excellent for drawing the veil from men's motives and actions.
amusing,6,2,"It must be an amusing study."""
answering,6,2,"""Yes,"" said Holmes, answering the look rather than the words."
beautifully,6,2,She responded beautifully.
bitterness,6,2,"She was therefore obliged to seek another branch of the subject, and related, with much bitterness of spirit, and some exaggeration, the shocking rudeness of Mr. Darcy."
briefly,6,2,"My reasons for believing it are briefly these:--It does not appear to me that my hand is unworthy of your acceptance, or that the establishment I can offer would be any other than highly desirable."
candle,6,2,"First, however, she waited for a few minutes to see if she was going to shrink any further: she felt a little nervous about this; ""for it might end, you know,"" said Alice to herself, ""in my going out "
contemplation,6,2,"Mrs. Philips was quite awed by such an excess of good breeding; but her contemplation of one stranger was soon put an end to by exclamations and inquiries about the other, of whom, however, she could "
convenient,6,2,"The village of Longbourn was only one mile from Meryton; a most convenient distance for the young ladies, who were usually tempted thither three or four times a week, to pay their duty to their aunt, "
create,6,2,"She was shown into the breakfast parlour, where all but Jane were assembled, and where her appearance created a great deal of surprise."
cruelly,6,2,The King may do  what he will without hindrance from one whom he has cruelly  wronged.
demand,6,2,"Allowing for the common demands of the game, Mr. Wickham was therefore at leisure to talk to Elizabeth, and she was very willing to hear him, though what she chiefly wished to hear she could not hope "
deprive,6,2,"""Her indifferent state of health unhappily prevents her being in town; and by that means, as I told Lady Catherine myself one day, has deprived the British Court of its brightest ornament."
deserved,6,2,"A woman must have a thorough knowledge of music, singing, drawing, dancing, and the modern languages, to deserve the word; and, besides all this, she must possess a certain something in her air and ma"
digging,6,2,"(Alice had been to the seaside once in her life, and had come to the general conclusion, that wherever you go to on the English coast you find a number of bathing machines in the sea, some children di"
distinction,6,2,"The distinction had, perhaps, been felt too strongly."
doubtless,6,2,"But now the spell had been upon him eight-and-forty hours, and he lay there, doubtless among the dregs of the docks, breathing in the poison or sleeping off the effects."
exert,6,2,"Her father, contented with laughing at them, would never exert himself to restrain the wild giddiness of his youngest daughters; and her mother, with manners so far from right herself, was entirely in"
felt,6,2,"[Illustration] Colonel Fitzwilliam's manners were very much admired at the Parsonage, and the ladies all felt that he must add considerably to the pleasure of their engagements at Rosings."
freedom,6,2,"Elizabeth tried hard to dissuade him from such a scheme; assuring him that Mr. Darcy would consider his addressing him without introduction as an impertinent freedom, rather than a compliment to his a"
here's,6,2,"If my hair would only change colour, here's a nice little crib all ready for me to step into.'"
hollow,6,2,"""Why, dear me, it sounds quite hollow!"""
illinois,6,2,"""Kitty has no discretion in her coughs,"" said her father; ""she times them ill."" ""I do not cough for my own amusement,"" replied Kitty, fretfully."
impulse,6,2,"""I admire the activity of your benevolence,"" observed Mary, ""but every impulse of feeling should be guided by reason; and, in my opinion, exertion should always be in proportion to what is required."""
include,6,2,"He protested that, except Lady Catherine and her daughter, he had never seen a more elegant woman; for she had not only received him with the utmost civility, but had even pointedly included him in he"
infinitely,6,2,"""Tell your sister I am delighted to hear of her improvement on the harp, and pray let her know that I am quite in raptures with her beautiful little design for a table, and I think it infinitely super"
insensibility,6,2,""" To these high-flown expressions Elizabeth listened with all the insensibility of distrust; and though the suddenness of their removal surprised her, she saw nothing in it really to lament: it was no"
interfere,6,2,"You must not interfere, come what may."
intrusion,6,2,But for the trained reasoner to admit such intrusions into his own delicate and finely adjusted temperament was to introduce a distracting factor which might throw a doubt upon all his mental results.
invaluable,6,2,"""It makes you quite invaluable as a companion."
lessen,6,2,"""But it must very materially lessen their chance of marrying men of any consideration in the world,"" replied Darcy."
luck,6,2,"This preservative she had now obtained; and at the age of twenty-seven, without having ever been handsome, she felt all the good luck of it."
luckily,6,2,"He was too happy, however, to need much attention; and, luckily for the others, the business of love-making relieved them from a great deal of his company."
member,6,2,"As to your practice, if a gentleman walks into my rooms smelling of iodoform, with a black mark of nitrate of silver upon his right forefinger, and a bulge on the right side of his top-hat to show whe"
minutely,6,2,"The solemn Mr. Merryweather perched himself upon a crate, with a very injured expression upon his face, while Holmes fell upon his knees upon the floor and, with the lantern and a magnifying lens, beg"
morcar,6,2,"""Not the Countess of Morcar's blue carbuncle!"""
newly,6,2,"There he was, sitting with a newly opened envelope in one hand and five dried orange pips in the outstretched palm of the other one."
obliging,6,2,"By nature inoffensive, friendly, and obliging, his presentation at St. James's had made him courteous."
observer,6,2,They were admirable things for the observer--excellent for drawing the veil from men's motives and actions.
occurrence,6,2,"Jane met her with a smile of such sweet complacency, a glow of such happy expression, as sufficiently marked how well she was satisfied with the occurrences of the evening."
owner,6,2,"He did look at it, and into it, for half an hour; was pleased with the situation and the principal rooms, satisfied with what the owner said in its praise, and took it immediately."
powerful,6,2,"""He is a cripple in the sense that he walks with a limp; but in other respects he appears to be a powerful and well-nurtured man."
principally,6,2,"Miss Bingley did the same; and Mrs. Hurst, principally occupied in playing with her bracelets and rings, joined now and then in her brother's conversation with Miss Bennet."
refreshment,6,2,"She danced next with an officer, and had the refreshment of talking of Wickham, and of hearing that he was universally liked."
reside,6,2,"She had a considerable sum of money--not less than £ 1000 a year--and this she bequeathed to Dr. Roylott entirely while we resided with him, with a provision that a certain annual sum should be allowe"
royal,6,2,Your recent services to one of the royal houses of Europe have shown that you are one who may safely be trusted with matters which are of an importance which can hardly be exaggerated.
rubbing,6,2,"I lent the ostlers a hand in rubbing down their horses, and received in exchange twopence, a glass of half-and-half, two fills of shag tobacco, and as much information as I could desire about Miss Adl"
silently,6,2,"Swiftly and silently he made his way along the track which ran through the meadows, and so by way of the woods to the Boscombe Pool."
situate,6,2,"It was a handsome modern building, well situated on rising ground."
slightly,6,2,"""You doubt me,"" cried Jane, slightly colouring; ""indeed, you have no reason."
slit,6,2,"Hence, you see, my double deduction that you had been out in vile weather, and that you had a particularly malignant boot-slitting specimen of the London slavey."
soften,6,2,"But if you will listen to his letter, you may, perhaps, be a little softened by his manner of expressing himself."""
splash,6,2,"Has a white splash of acid upon his forehead."""
stately,6,2,It was difficult to realise as we looked at the line of fine shops and stately business premises that they really abutted on the other side upon the faded and stagnant square which we had just quitted
straighten,6,2,"Then, glancing quickly round, he straightened himself out and burst into a hearty fit of laughter."
supposition,6,2,"They attacked him in various ways, with barefaced questions, ingenious suppositions, and distant surmises; but he eluded the skill of them all; and they were at last obliged to accept the second-hand "
sweetness,6,2,"""I am exceedingly gratified,"" said Bingley, ""by your converting what my friend says into a compliment on the sweetness of my temper."
terribly,6,2,"I found my father expiring upon the ground, with his head terribly injured."
uncivil,6,2,She attracted him more than he liked; and Miss Bingley was uncivil to _her_ and more teasing than usual to himself.
unfortunately,6,2,"Naturally, it was to my interest to buy their land before they discovered its true value, but unfortunately I had no capital by which I could do this."
unnatural,6,2,"Depend upon it, there is nothing so unnatural as the commonplace."""
vex,6,2,"I was so vexed to see him stand up with her; but, however, he did not admire her at all; indeed, nobody can, you know; and he seemed quite struck with Jane as she was going down the dance."
wisely,6,2,"He wisely resolved to be particularly careful that no sign of admiration should _now_ escape him--nothing that could elevate her with the hope of influencing his felicity; sensible that, if such an id"
calmly,5,3,"""_Nous verrons_,"" answered Holmes calmly."
daresay,5,3,"""I daresay that if I had put £ 100 down in front of him, that man would not have given me such complete information as was drawn from him by the idea that he was doing me on a wager."
fortunately,5,3,"The bride, who had fortunately entered the house before this unpleasant interruption, had sat down to breakfast with the rest, when she complained of a sudden indisposition and retired to her room."
frighten,5,3,"What d'you want to frighten a chap for?"""
housemaid,5,3,"[Illustration] Elizabeth passed the chief of the night in her sister's room, and in the morning had the pleasure of being able to send a tolerable answer to the inquiries which she very early received"
ii,5,3,CHAPTER I. Down the Rabbit-Hole  CHAPTER II.
iii,5,3,The Pool of Tears  CHAPTER III.
imitate,5,3,"""The man who wrote it was presumably well to do,"" I remarked, endeavouring to imitate my companion's processes."
involved,5,3,"Had his own happiness, however, been the only sacrifice, he might have been allowed to sport with it in whatever manner he thought best; but her sister's was involved in it, as she thought he must be "
unimportant,5,3,"""_Un_important, of course, I meant,"" the King hastily said, and went on to himself in an undertone, ""important--unimportant--unimportant--important--"" as if he were trying which word sounded best."
yawning,5,3,"""Suppose we change the subject,"" the March Hare interrupted, yawning."
absent,5,2,"Elizabeth did not quit her room for a moment, nor were the other ladies often absent; the gentlemen being out, they had in fact nothing to do elsewhere."
accidentally,5,2,"Miss Lucas perceived him from an upper window as he walked towards the house, and instantly set out to meet him accidentally in the lane."
accusation,5,2,"These bitter accusations might have been suppressed, had I, with greater policy, concealed my struggles, and flattered you into the belief of my being impelled by unqualified, unalloyed inclination; b"
acquire,5,2,They were of a respectable family in the north of England; a circumstance more deeply impressed on their memories than that their brother's fortune and their own had been acquired by trade.
affectionately,5,2,"Mrs. Collins welcomed her friend with the liveliest pleasure, and Elizabeth was more and more satisfied with coming, when she found herself so affectionately received."
army,5,2,"""He is now gone into the army,"" she added; ""but I am afraid he has turned out very wild."""
bare,5,2,"I distinctly saw his bare throat."""
beau,5,2,Beau--ootiful Soo--oop!
befall,5,2,"Twelve struck, and one and two and three, and still we sat waiting silently for whatever might befall."
blot,5,2,"You must find your own ink, pens, and blotting-paper, but we provide this table and chair."
boots,5,2,"Boots which extended halfway up his calves, and which were trimmed at the tops with rich brown fur, completed the impression of barbaric opulence which was suggested by his whole appearance."
british,5,2,"Our visitor bore every mark of being an average commonplace British tradesman, obese, pompous, and slow."
clump,5,2,"It was a poky, little, shabby-genteel place, where four lines of dingy two-storied brick houses looked out into a small railed-in enclosure, where a lawn of weedy grass and a few clumps of faded laure"
coachman,5,2,"""Away they went, and I was just wondering whether I should not do well to follow them when up the lane came a neat little landau, the coachman with his coat only half-buttoned, and his tie under his e"
coldly,5,2,"""From what I have seen of the lady, she seems, indeed, to be on a very different level to your Majesty,"" said Holmes coldly."
comparatively,5,2,"He was anxious to avoid the notice of his cousins, from a conviction that, if they saw him depart, they could not fail to conjecture his design, and he was not willing to have the attempt known till i"
confide,5,2,Yet the matter was so delicate that I could not confide it to an agent without putting myself in his power.
conscious,5,2,"""You either choose this method of passing the evening because you are in each other's confidence, and have secret affairs to discuss, or because you are conscious that your figures appear to the great"
consist,5,2,"And when the party entered the assembly-room, it consisted of only five altogether: Mr. Bingley, his two sisters, the husband of the eldest, and another young man."
convenience,5,2,"It is, I believe, too little yielding; certainly too little for the convenience of the world."
define,5,2,"The double line a little above the wrist, where the typewritist presses against the table, was beautifully defined."
discourage,5,2,"""There is some sense in what he says about the girls, however; and, if he is disposed to make them any amends, I shall not be the person to discourage him."""
disliked,5,2,"The sisters, on hearing this, repeated three or four times how much they were grieved, how shocking it was to have a bad cold, and how excessively they disliked being ill themselves; and then thought "
distrust,5,2,""" To these high-flown expressions Elizabeth listened with all the insensibility of distrust; and though the suddenness of their removal surprised her, she saw nothing in it really to lament: it was no"
disturbance,5,2,"There are rumours of foul play in the matter, and it is said that the police have caused the arrest of the woman who had caused the original disturbance, in the belief that, from jealousy or some othe"
divert,5,2,"Follies and nonsense, whims and inconsistencies, _do_ divert me, I own, and I laugh at them whenever I can."
enormous,5,2,"He was himself red-headed, and he had a great sympathy for all red-headed men; so, when he died, it was found that he had left his enormous fortune in the hands of trustees, with instructions to apply"
entitle,5,2,"They were rather handsome; had been educated in one of the first private seminaries in town; had a fortune of twenty thousand pounds; were in the habit of spending more than they ought, and of associa"
err,5,2,"What Wickham had said of the living was fresh in her memory; and as she recalled his very words, it was impossible not to feel that there was gross duplicity on one side or the other, and, for a few m"
errand,5,2,"And so in ten minutes I had left my armchair and cheery sitting-room behind me, and was speeding eastward in a hansom on a strange errand, as it seemed to me at the time, though the future only could "
excessive,5,2,"A short pause followed this speech, and Mrs. Hurst began again,-- ""I have an excessive regard for Jane Bennet,--she is really a very sweet girl,--and I wish with all my heart she were well settled."
fade,5,2,A frayed top-hat and a faded brown overcoat with a wrinkled velvet collar lay upon a chair beside him.
faster,5,2,"""If everybody minded their own business,"" the Duchess said in a hoarse growl, ""the world would go round a deal faster than it does."""
footing,5,2,"""No."" ""But you were on a friendly footing?"""
frowning,5,2,"said the Mouse, frowning, but very politely: ""Did you speak?"""
gross,5,2,"This must be the grossest falsehood!"""
headstrong,5,2,"She is a very headstrong, foolish girl, and does not know her own interest; but I will _make_ her know it."""
hoarse,5,2,"I'll try and say '_How doth the little_--'"" and she crossed her hands on her lap as if she were saying lessons, and began to repeat it, but her voice sounded hoarse and strange, and the words did not "
howl,5,2,"Even the Duchess sneezed occasionally; and as for the baby, it was sneezing and howling alternately without a moment's pause."
hush,5,2,"""Hush!"
incredulity,5,2,He even looked at her with a smile of affected incredulity.
inflict,5,2,"He had ruined for a while every hope of happiness for the most affectionate, generous heart in the world; and no one could say how lasting an evil he might have inflicted."
injustice,5,2,"Mrs. Hurst and Miss Bingley both cried out against the injustice of her implied doubt, and were both protesting that they knew many women who answered this description, when Mr. Hurst called them to o"
invariably,5,2,Singularity is almost invariably a clue.
juryman,5,2,"cried Alice, quite forgetting in the flurry of the moment how large she had grown in the last few minutes, and she jumped up in such a hurry that she tipped over the jury-box with the edge of her skir"
limit,5,2,"We have in our police reports realism pushed to its extreme limits, and yet the result is, it must be confessed, neither fascinating nor artistic."""
livery,5,2,"Pig and Pepper For a minute or two she stood looking at the house, and wondering what to do next, when suddenly a footman in livery came running out of the wood--(she considered him to be a footman be"
meantime,5,2,"In the meantime Mr. Merryweather, we must put the screen over that dark lantern."""
momentary,5,2,"The steady countenance which Miss Lucas had commanded in telling her story gave way to a momentary confusion here on receiving so direct a reproach; though, as it was no more than she expected, she so"
mother's,5,2,"My wife was on a visit to her mother's, and for a few days I was a dweller once more in my old quarters at Baker Street."
neatly,5,2,"Now, when you see that a young lady, otherwise neatly dressed, has come away from home with odd boots, half-buttoned, it is no great deduction to say that she came away in a hurry."""
overpower,5,2,"Mrs. Bennet was, in fact, too much overpowered to say a great deal while Sir William remained; but no sooner had he left them than her feelings found a rapid vent."
patter,5,2,"After a time she heard a little pattering of feet in the distance, and she hastily dried her eyes to see what was coming."
perplexity,5,2,"said he, scratching his chin in some perplexity, ""my theory certainly presents some difficulties."
pleasanter,5,2,"Bingley had never met with pleasanter people or prettier girls in his life; everybody had been most kind and attentive to him; there had been no formality, no stiffness; he had soon felt acquainted wi"
preparation,5,2,"Mrs. Bennet was perfectly satisfied; and quitted the house under the delightful persuasion that, allowing for the necessary preparations of settlements, new carriages, and wedding clothes, she should "
puzzling,5,2,"Besides, _she's_ she, and _I'm_ I, and--oh dear, how puzzling it all is!"
rapidity,5,2,"""The indirect boast; for you are really proud of your defects in writing, because you consider them as proceeding from a rapidity of thought and carelessness of execution, which, if not estimable, you"
regain,5,2,"It might be a satisfaction to his Majesty to regain it with his own hands."""
revenge,5,2,"""I had not thought Mr. Darcy so bad as this--though I have never liked him, I had not thought so very ill of him--I had supposed him to be despising his fellow-creatures in general, but did not suspec"
ridiculous,5,2,"She told the story, however, with great spirit among her friends; for she had a lively, playful disposition, which delighted in anything ridiculous."
secondly,5,2,"The idea of Mr. Collins, with all his solemn composure, being run away with by his feelings, made Elizabeth so near laughing that she could not use the short pause he allowed in any attempt to stop hi"
signify,5,2,"Besides, it will not much signify what one wears this summer, after the ----shire have left Meryton, and they are going in a fortnight."""
simpleton,5,2,"If _I_ can perceive her regard for him, he must be a simpleton indeed not to discover it too."""
solely,5,2,"It had given him a disgust to his business and to his residence in a small market town; and, quitting them both, he had removed with his family to a house about a mile from Meryton, denominated from t"
soothing,5,2,"He does not say so, but I can read it from his soothing answers and averted eyes."
splendid,5,2,"With a book, he was regardless of time; and on the present occasion he had a good deal of curiosity as to the event of an evening which had raised such splendid expectations."
stroll,5,2,"I then took my gun and strolled out in the direction of the Boscombe Pool, with the intention of visiting the rabbit warren which is upon the other side."
stupidity,5,2,"The stupidity with which he was favoured by nature must guard his courtship from any charm that could make a woman wish for its continuance; and Miss Lucas, who accepted him solely from the pure and d"
taking,5,2,"I do not mean that any beggar in the streets of London could earn £ 700 a year--which is less than my average takings--but I had exceptional advantages in my power of making up, and also in a facility"
twinkling,5,2,"For instance, suppose it were nine o'clock in the morning, just time to begin lessons: you'd only have to whisper a hint to Time, and round goes the clock in a twinkling!"
unjust,5,2,But I know the foundation is unjust.
unwelcome,5,2,"There was novelty in the scheme; and as, with such a mother and such uncompanionable sisters, home could not be faultless, a little change was not unwelcome for its own sake."
unwillingly,5,2,"When the clock struck three, Elizabeth felt that she must go, and very unwillingly said so."
utterly,5,2,"The man sat huddled up in his chair, with his head sunk upon his breast, like one who is utterly crushed."
vise,5,2,"She tried to recollect some instance of goodness, some distinguished trait of integrity or benevolence, that might rescue him from the attacks of Mr. Darcy; or at least, by the predominance of virtue,"
war,5,2,"At the time of the war he fought in Jackson's army, and afterwards under Hood, where he rose to be a colonel."
whim,5,2,"You remember that the affair of the blue carbuncle, which appeared to be a mere whim at first, developed into a serious investigation."
wonderfully,5,2,"""'Pon my word, Watson, you are coming along wonderfully."
worthy,5,2,"It now first struck her, that _she_ was selected from among her sisters as worthy of being the mistress of Hunsford Parsonage, and of assisting to form a quadrille table at Rosings, in the absence of "
yell,5,2,"With that he seized my hair in both his hands, and tugged until I yelled with the pain."
beating,4,3,I surprised you by beating upon the pavement with my stick.
beloved,4,3,"Had not my own feelings decided against you, had they been indifferent, or had they even been favourable, do you think that any consideration would tempt me to accept the man who has been the means of"
blast,4,3,"On this the White Rabbit blew three blasts on the trumpet, and then unrolled the parchment scroll, and read as follows:-- ""The Queen of Hearts, she made some tarts,  All on a summer day: The Knave of "
comfortably,4,3,"[Illustration] Sir William stayed only a week at Hunsford; but his visit was long enough to convince him of his daughter's being most comfortably settled, and of her possessing such a husband and such"
insult,4,3,"""I won't insult your intelligence by telling you how I read that, especially as, rather against the strict rules of your order, you use an arc-and-compass breastpin."""
iv,4,3,A Caucus-Race and a Long Tale  CHAPTER IV.
ix,4,3,The Queen's Croquet-Ground  CHAPTER IX.
minded,4,3,"His pride never deserts him; but with the rich he is liberal-minded, just, sincere, rational, honourable, and, perhaps, agreeable,--allowing something for fortune and figure."""
rightly,4,3,"But she had never felt so strongly as now the disadvantages which must attend the children of so unsuitable a marriage, nor ever been so fully aware of the evils arising from so ill-judged a direction"
theirs,4,3,"""Oh, but the gentlemen will have Mr. Bingley's chaise to go to Meryton; and the Hursts have no horses to theirs."""
un,4,3,"They were just beginning to write this down on their slates, when the White Rabbit interrupted: ""_Un_important, your Majesty means, of course,"" he said in a very respectful tone, but frowning and maki"
vi,4,3,The Rabbit Sends in a Little Bill  CHAPTER V. Advice from a Caterpillar  CHAPTER VI.
vii,4,3,Pig and Pepper  CHAPTER VII.
viii,4,3,A Mad Tea-Party  CHAPTER VIII.
xi,4,3,The Mock Turtle's Story  CHAPTER X. The Lobster Quadrille  CHAPTER XI.
xii,4,3,CHAPTER XII.
abruptly,4,2,"With an  apology for my intrusion, I was about to withdraw when Holmes pulled  me abruptly into the room and closed the door behind me."
accidental,4,2,"Mr. Bingley had not been of age two years when he was tempted, by an accidental recommendation, to look at Netherfield House."
admirer,4,2,"His apparent partiality had subsided, his attentions were over, he was the admirer of some one else."
affectation,4,2,Affectation of candour is common enough; one meets with it everywhere.
ample,4,2,"""Ample."""
apparent,4,2,"Had she found Jane in any apparent danger, Mrs. Bennet would have been very miserable; but being satisfied on seeing her that her illness was not alarming, she had no wish of her recovering immediatel"
atone,4,2,"""Would Mr. Darcy then consider the rashness of your original intention as atoned for by your obstinacy in adhering to it?"""
await,4,2,"I sat down beside the fire, however, with the intention of awaiting him, however long he might be."
bitterly,4,2,"He was clearly so scared by his mischance in breaking the window and by the approach of Peterson that he thought of nothing but flight, but since then he must have bitterly regretted the impulse which"
cordially,4,2,They were not welcomed home very cordially by their mother.
correspond,4,2,It corresponds with the injuries.
dearly,4,2,"I dearly love a laugh."""
destine,4,2,"Elizabeth had heard, soon after her arrival, that Mr. Darcy was expected there in the course of a few weeks; and though there were not many of her acquaintance whom she did not prefer, his coming woul"
determination,4,2,"Though her manner varied, however, her determination never did."
disregard,4,2,"""He has, however, retained some degree of self-respect,"" he continued, disregarding my remonstrance."
doings,4,2,"From time to time I heard some vague account of his doings: of his summons to Odessa in the case of the Trepoff murder, of his clearing up of the singular tragedy of the Atkinson brothers at Trincomal"
drawl,4,2,"""Well, there was Mystery,"" the Mock Turtle replied, counting off the subjects on his flappers, ""--Mystery, ancient and modern, with Seaography: then Drawling--the Drawling-master was an old conger-eel"
dwell,4,2,"Let the weight of the matter rest upon me now, and do not let your mind dwell upon it further."
earlier,4,2,I shall entreat his pardon for not having done it earlier.
endless,4,2,We rattled through an endless labyrinth of gas-lit streets until we emerged into Farrington Street.
entangled,4,2,"Alice crouched down among the trees as well as she could, for her neck kept getting entangled among the branches, and every now and then she had to stop and untwist it."
expressive,4,2,"""American slang is very expressive sometimes."
faithfully,4,2,"Yours faithfully,  ""'ROBERT ST. SIMON.'"
farewell,4,2,"Thursday was to be the wedding-day, and on Wednesday Miss Lucas paid her farewell visit; and when she rose to take leave, Elizabeth, ashamed of her mother's ungracious and reluctant good wishes, and s"
favorably,4,2,I could see that Holmes was favourably impressed by the manner and speech of his new client.
flung,4,2,"The puny plot of the story was so thin, however, when compared to the deep mystery through which we were groping, and I found my attention wander so continually from the action to the fact, that I at "
footstep,4,2,"In a little while, however, she again heard a little pattering of footsteps in the distance, and she looked up eagerly, half hoping that the Mouse had changed his mind, and was coming back to finish h"
forgiveness,4,2,"Besides, it is the season of forgiveness."
formality,4,2,"Bingley had never met with pleasanter people or prettier girls in his life; everybody had been most kind and attentive to him; there had been no formality, no stiffness; he had soon felt acquainted wi"
frankly,4,2,"""I make nothing of it,"" I answered frankly."
genteel,4,2,so genteel and so easy!
grievous,4,2,"It is a grievous affair to my poor girls, you must confess."
grosvenor,4,2,"""It is dated from Grosvenor Mansions, written with a quill pen, and the noble lord has had the misfortune to get a smear of ink upon the outer side of his right little finger,"" remarked Holmes as he f"
grove,4,2,"Her favourite walk, and where she frequently went while the others were calling on Lady Catherine, was along the open grove which edged that side of the park, where there was a nice sheltered path, wh"
guardianship,4,2,"I am joined with him in the guardianship of Miss Darcy."""
hardened,4,2,It gave even my hardened nerves a shudder to look at it.
hearted,4,2,"The daughter was of a good, amiable disposition, but affectionate and warm-hearted in her ways, so that it was evident that with her fair personal advantages, and her little income, she would not be a"
helpless,4,2,"he cried, and then he choked and laughed again until he was obliged to lie back, limp and helpless, in the chair."
impunity,4,2,"So perfect was the organisation of the society, and so systematic its methods, that there is hardly a case upon record where any man succeeded in braving it with impunity, or in which any of its outra"
incredible,4,2,"That she should have walked three miles so early in the day in such dirty weather, and by herself, was almost incredible to Mrs. Hurst and Miss Bingley; and Elizabeth was convinced that they held her "
individual,4,2,"In this way you see K. K. K. ceases to be the initials of an individual and becomes the badge of a society."""
la,4,2,"""La!"
legged,4,2,"Suddenly she came upon a little three-legged table, all made of solid glass; there was nothing on it except a tiny golden key, and Alice's first thought was that it might belong to one of the doors of"
license,4,2,"It seems that there had been some informality about their license, that the clergyman absolutely refused to marry them without a witness of some sort, and that my lucky appearance saved the bridegroom"
meanly,4,2,"They were rather handsome; had been educated in one of the first private seminaries in town; had a fortune of twenty thousand pounds; were in the habit of spending more than they ought, and of associa"
miniature,4,2,"She approached, and saw the likeness of Mr. Wickham, suspended, amongst several other miniatures, over the mantel-piece."
muttering,4,2,"It was the White Rabbit returning, splendidly dressed, with a pair of white kid gloves in one hand and a large fan in the other: he came trotting along in a great hurry, muttering to himself as he cam"
narrowly,4,2,"I hesitated whether to attempt to secure the photograph at once; but the coachman had come in, and as he was watching me narrowly, it seemed safer to wait."
nursing,4,2,"And she opened the door and went in. The door led right into a large kitchen, which was full of smoke from one end to the other: the Duchess was sitting on a three-legged stool in the middle, nursing "
offering,4,2,"Allowing the case, however, to stand according to your representation, you must remember, Miss Bennet, that the friend who is supposed to desire his return to the house, and the delay of his plan, has"
overhear,4,2,"""You will excuse me,"" said Holmes blandly, ""but I could not help overhearing the questions which you put to the salesman just now."
oxford,4,2,"It was a quarter-past nine when I started from home and made my way across the Park, and so through Oxford Street to Baker Street."
peculiarly,4,2,"These are the kind of little things which please her Ladyship, and it is a sort of attention which I conceive myself peculiarly bound to pay."""
pompous,4,2,There is something very pompous in his style.
precede,4,2,"Much had been done, and much had been said in the regiment since the preceding Wednesday; several of the officers had dined lately with their uncle; a private had been flogged; and it had actually bee"
preceding,4,2,"It was dated at midnight of the preceding night and ran in this way:  ""MY DEAR MR. SHERLOCK HOLMES,--You really did it very well."
pretending,4,2,"Mary, though pretending not to hear, was somewhat disconcerted; and Elizabeth, sorry for her, and sorry for her father's speech, was afraid her anxiety had done no good."
prodigiously,4,2,I am prodigiously proud of him.
publicly,4,2,"He deserves to be publicly disgraced."""
pure,4,2,"""It is my belief that she died of pure fear and nervous shock, though what it was that frightened her I cannot imagine."""
purport,4,2,"Then, suddenly realising the full purport of his words, she gave a violent start and looked up, with fear and astonishment upon her broad, good-humoured face."
rapid,4,2,"A lady's imagination is very rapid; it jumps from admiration to love, from love to matrimony, in a moment."
reeds,4,2,"The Boscombe Pool is thickly wooded round, with just a fringe of grass and of reeds round the edge."
reliance,4,2,"On the strength of Darcy's regard, Bingley had the firmest reliance, and of his judgment the highest opinion."
resolute,4,2,"She has the face of the most beautiful of women, and the mind of the most resolute of men."
robinson,4,2,"To be sure that _did_ seem as if he admired her--indeed, I rather believe he _did_--I heard something about it--but I hardly know what--something about Mr. Robinson."""
sally,4,2,"It seems that there had been some informality about their license, that the clergyman absolutely refused to marry them without a witness of some sort, and that my lucky appearance saved the bridegroom"
secretly,4,2,"""I am not now to learn,"" replied Mr. Collins, with a formal wave of the hand, ""that it is usual with young ladies to reject the addresses of the man whom they secretly mean to accept, when he first ap"
softly,4,2,Sherlock Holmes clapped his hands softly together and chuckled.
speedy,4,2,"They were all astonished; and Mr. Bennet, who could by no means wish for so speedy a return, immediately said,-- ""But is there not danger of Lady Catherine's disapprobation here, my good sir?"
steadily,4,2,"[Illustration] As no objection was made to the young people's engagement with their aunt, and all Mr. Collins's scruples of leaving Mr. and Mrs. Bennet for a single evening during his visit were most "
subdue,4,2,"To me, with my nerves worked up to a pitch of expectancy, there was something depressing and subduing in the sudden gloom, and in the cold dank air of the vault."
survive,4,2,"His own father did not long survive mine; and within half a year from these events Mr. Wickham wrote to inform me that, having finally resolved against taking orders, he hoped I should not think it un"
tend,4,2,"THE ADVENTURE OF THE SPECKLED BAND On glancing over my notes of the seventy odd cases in which I have during the last eight years studied the methods of my friend Sherlock Holmes, I find many tragic, "
tendency,4,2,"""There is, I believe, in every disposition a tendency to some particular evil, a natural defect, which not even the best education can overcome."""
thoughtless,4,2,"Thoughtless and indiscreet I can easily believe him, but this step (and let us rejoice over it) marks nothing bad at heart."
trembling,4,2,"and a Canary called out in a trembling voice to its children, ""Come away, my dears!"
tumble,4,2,"thought Alice to herself, ""after such a fall as this, I shall think nothing of tumbling down stairs!"
urgent,4,2,"The very last evening was spent there; and her Ladyship again inquired minutely into the particulars of their journey, gave them directions as to the best method of packing, and was so urgent on the n"
vigorously,4,2,"Finally he returned to the pawnbroker's, and, having thumped vigorously upon the pavement with his stick two or three times, he went up to the door and knocked."
vouch,4,2,My temper I dare not vouch for.
wicked,4,2,"I wish to the Lord that I had shot him then, but I spared him, though I saw his wicked little eyes fixed on my face, as though to remember every feature."
wickedness,4,2,"But I have heard, Mr. Holmes, that you can see deeply into the manifold wickedness of the human heart."
wilful,4,2,"I see nothing in it but your own wilful ignorance and the malice of Mr. Darcy."""
willingly,4,2,"""Most willingly."""
writhe,4,2,"For a minute or more the hand, with its writhing fingers, protruded out of the floor."
faintly,3,3,"and ran the faster, while more and more faintly came, carried on the breeze that followed them, the melancholy words:-- ""Soo--oop of the e--e--evening,  Beautiful, beautiful Soup!"""
fifth,3,3,"""I beg your pardon,"" said Alice very humbly: ""you had got to the fifth bend, I think?"""
adjust,3,2,But for the trained reasoner to admit such intrusions into his own delicate and finely adjusted temperament was to introduce a distracting factor which might throw a doubt upon all his mental results.
alternately,3,2,"In his singular character the dual nature alternately asserted itself, and his extreme exactness and astuteness represented, as I have often thought, the reaction against the poetic and contemplative "
amazing,3,2,"""It is amazing to me,"" said Bingley, ""how young ladies can have patience to be so very accomplished as they all are."""
amiss,3,2,"Be in your chamber then at that hour, and do not take it amiss if your visitor wear a mask."""
amply,3,2,"He meant to provide for me amply, and thought he had done it; but when the living fell, it was given elsewhere."""
australia,3,2,"The largest landed proprietor in that part is a Mr. John Turner, who made his money in Australia and returned some years ago to the old country."
authoritative,3,2,"She has the reputation of being remarkably sensible and clever; but I rather believe she derives part of her abilities from her rank and fortune, part from her authoritative manner, and the rest from "
avail,3,2,"""My dear madam,"" he replied, ""this invitation is particularly gratifying, because it is what I have been hoping to receive; and you may be very certain that I shall avail myself of it as soon as possi"
bathing,3,2,"""A little sea-bathing would set me up for ever."""
bowing,3,2,"""Good-day, Lord St. Simon,"" said Holmes, rising and bowing."
cardboard,3,2,"I went to my work as usual at ten o'clock, but the door was shut and locked, with a little square of cardboard hammered on to the middle of the panel with a tack."
careless,3,2,"""Oh,"" cried Miss Bingley, ""Charles writes in the most careless way imaginable."
cheerfully,3,2,"She wrote cheerfully, seemed surrounded with comforts, and mentioned nothing which she could not praise."
coincidence,3,2,"If we could fly out of that window hand in hand, hover over this great city, gently remove the roofs, and peep in at the queer things which are going on, the strange coincidences, the plannings, the c"
concealment,3,2,"Perhaps this concealment, this disguise, was beneath me."
concisely,3,2,"In terms of grateful acknowledgment for the kindness of his brother, though expressed most concisely, he then delivered on paper his perfect approbation of all that was done, and his willingness to fu"
confidential,3,2,"""A confidential servant?"""
contemptuously,3,2,said the Caterpillar contemptuously.
courtier,3,2,"First came ten soldiers carrying clubs; these were all shaped like the three gardeners, oblong and flat, with their hands and feet at the corners: next the ten courtiers; these were ornamented all ove"
creditable,3,2,"The officers of the ----shire were in general a very creditable, gentlemanlike set and the best of them were of the present party; but Mr, Wickham was as far beyond them all in person, countenance, ai"
creditor,3,2,"I have written to Colonel Forster, to inform him of our present arrangements, and to request that he will satisfy the various creditors of Mr. Wickham in and near Brighton with assurances of speedy pa"
culprit,3,2,"It must be confessed, however, that the case looks exceedingly grave against the young man, and it is very possible that he is indeed the culprit."
derision,3,2,"She looked at his two sisters, and saw them making signs of derision at each other, and at Darcy, who continued, however, impenetrably grave."
devoid,3,2,"The case has, in some respects, been not entirely devoid of interest."""
dirt,3,2,"""How can you be so silly,"" cried her mother, ""as to think of such a thing, in all this dirt!"
disclose,3,2,It was then disclosed in the following manner.
dishonorable,3,2,"Unwilling as she was to admit an idea so destructive to Jane's happiness, and so dishonourable to the stability of her lover, she could not prevent its frequently recurring."
distract,3,2,"I was so afraid, you know, that something would happen to put it off, and then I should have gone quite distracted."
eccentric,3,2,"Botany variable, geology profound as regards the mud-stains from any region within fifty miles of town, chemistry eccentric, anatomy unsystematic, sensational literature and crime records unique, viol"
edward,3,2,"Yes, 17 King Edward Street, near St. Paul's.'"
eh,3,2,"""Eh?"
ere,3,2,"I am, therefore, by no means discouraged by what you have just said, and shall hope to lead you to the altar ere long."""
extract,3,2,"For you are a young lady of deep reflection, I know, and read great books, and make extracts."""
familiarly,3,2,"She inquired into Charlotte's domestic concerns familiarly and minutely, and gave her a great deal of advice as to the management of them all; told her how everything ought to be regulated in so small"
feeble,3,2,"Last came a little feeble, squeaking voice, (""That's Bill,"" thought Alice,) ""Well, I hardly know--No more, thank ye; I'm better now--but I'm a deal too flustered to tell you--all I know is, something "
few,3,2,"Of these the latter may have afforded a finer field for an acute and original observer, but the other was so strange in its inception and so dramatic in its details that it may be the more worthy of b"
filial,3,2,"""Why, indeed, he does seem to have had some filial scruples on that head, as you will hear."""
firmly,3,2,"Then with his lens he tested the hinges, but they were of solid iron, built firmly into the massive masonry."
fonder,3,2,"Her disappointment in Charlotte made her turn with fonder regard to her sister, of whose rectitude and delicacy she was sure her opinion could never be shaken, and for whose happiness she grew daily m"
furiously,3,2,screamed the old man furiously.
fuss,3,2,I won't have a fuss made about such nonsense.'
gathering,3,2,"For a long time he remained there, turning over the leaves and dried sticks, gathering up what seemed to me to be dust into an envelope and examining with his lens not only the ground but even the bar"
glowing,3,2,"""You have erred, perhaps,"" he observed, taking up a glowing cinder with the tongs and lighting with it the long cherry-wood pipe which was wont to replace his clay when he was in a disputatious rather"
grievance,3,2,"Mrs. Bennet had many grievances to relate, and much to complain of."
grinning,3,2,"There was no rest for me, no peace, no forgetfulness; turn where I would, there was his cunning, grinning face at my elbow."
handwriting,3,2,"""It is a curious thing,"" remarked Holmes, ""that a typewriter has really quite as much individuality as a man's handwriting."
heap,3,2,"The pipe was still between his lips, the smoke still curled upward, and the room was full of a dense tobacco haze, but nothing remained of the heap of shag which I had seen upon the previous night."
hitherto,3,2,"If what I have hitherto said can appear to you in the form of encouragement, I know not how to express my refusal in such a way as may convince you of its being one."""
incessantly,3,2,"Lydia talked incessantly of lottery tickets, of the fish she had lost and the fish she had won; and Mr. Collins, in describing the civility of Mr. and Mrs. Philips, protesting that he did not in the l"
injunction,3,2,"Elizabeth would not oppose such an injunction; and a moment's consideration making her also sensible that it would be wisest to get it over as soon and as quietly as possible, she sat down again, and "
institute,3,2,"""I cannot say that I do unless it were that he wished to be able to deny his signature if an action for breach of promise were instituted."""
intently,3,2,"The envelope contained a sheet of elegant, little, hot-pressed paper, well covered with a lady's fair, flowing hand; and Elizabeth saw her sister's countenance change as she read it, and saw her dwell"
intricate,3,2,"It does not necessarily follow that a deep, intricate character is more or less estimable than such a one as yours."""
intrude,3,2,"But self, though it would intrude, could not engross her."
languor,3,2,"The swing of his nature took him from extreme languor to devouring energy; and, as I knew well, he was never so truly formidable as when, for days on end, he had been lounging in his armchair amid his"
lasting,3,2,"I wonder he does not marry, to secure a lasting convenience of that kind."
lazily,3,2,"With my body in one easy-chair and my legs upon another, I had surrounded myself with a cloud of newspapers until at last, saturated with the news of the day, I tossed them all aside and lay listless,"
liking,3,2,"Her daughter endeavoured to convince her of what she did not believe herself, that his attentions to Jane had been merely the effect of a common and transient liking, which ceased when he saw her no m"
looking,3,2,"I do not like to boast of my own child; but to be sure, Jane--one does not often see anybody better looking."
making,3,2,"""He has his own little methods, which are, if he won't mind my saying so, just a little too theoretical and fantastic, but he has the makings of a detective in him."
mingle,3,2,"He found, as so many more have done, that the practice is easier to attain than to get rid of, and for many years he continued to be a slave to the drug, an object of mingled horror and pity to his fr"
monosyllable,3,2,"Now and then I hazarded some remark to break the monotony of the journey, but the colonel answered only in monosyllables, and the conversation soon flagged."
morris,3,2,"""'Oh,' said he, 'his name was William Morris."
neatness,3,2,"They were then, with no other delay than his pointing out the neatness of the entrance, taken into the house; and as soon as they were in the parlour, he welcomed them a second time, with ostentatious"
numerous,3,2,"I sincerely hope your Christmas in Hertfordshire may abound in the gaieties which that season generally brings, and that your beaux will be so numerous as to prevent your feeling the loss of the three"
obstinacy,3,2,"""Would Mr. Darcy then consider the rashness of your original intention as atoned for by your obstinacy in adhering to it?"""
obtrude,3,2,But last summer he was again most painfully obtruded on my notice.
oppressed,3,2,"Astonishment, apprehension, and even horror, oppressed her."
overpowering,3,2,"Her violet eyes shining, her lips parted, a pink flush upon her cheeks, all thought of her natural reserve lost in her overpowering excitement and concern."
overtook,3,2,"Striding through the scattered knots of people who lounged round the flaring stalls, my companion speedily overtook the little man and touched him upon the shoulder."
panting,3,2,"and they all crowded round it, panting, and asking, ""But who has won?"""
parcel,3,2,"At length the chaise arrived, the trunks were fastened on, the parcels placed within, and it was pronounced to be ready."
paris,3,2,"London is the capital of Paris, and Paris is the capital of Rome, and Rome--no, _that's_ all wrong, I'm certain!"
partly,3,2,"When she thought of her mother, indeed, her confidence gave way a little; but she would not allow that any objections _there_ had material weight with Mr. Darcy, whose pride, she was convinced, would "
peculiarity,3,2,"Neither could anything be urged against my father, who, though with some peculiarities, has abilities which Mr. Darcy himself need not disdain, and respectability which he will probably never reach."""
perfection,3,2,"Mrs. Bennet and Kitty walked off, and as soon as they were gone, Mr. Collins began,-- ""Believe me, my dear Miss Elizabeth, that your modesty, so far from doing you any disservice, rather adds to your "
perturb,3,2,"The firemen had been much perturbed at the strange arrangements which they had found within, and still more so by discovering a newly severed human thumb upon a window-sill of the second floor."
piteous,3,2,"I rushed forward, fell down, clapped my hand to my face, and became a piteous spectacle."
pitiful,3,2,"""I wish I might take this for a compliment; but to be so easily seen through, I am afraid, is pitiful."""
popular,3,2,"He was not a popular man, being somewhat cold and forbidding in his manners, but he had, as far as I know, no active enemies."
predominate,3,2,In his eyes she eclipses and predominates the whole of her sex.
pretended,3,2,"as we went along Kitty and me drew up all the blinds, and pretended there was nobody in the coach; and I should have gone so all the way, if Kitty had not been sick; and when we got to the George, I d"
pretense,3,2,"All were struck with the stranger's air, all wondered who he could be; and Kitty and Lydia, determined if possible to find out, led the way across the street, under pretence of wanting something in an"
prior,3,2,"Elizabeth, feeling it incumbent on her to relieve him from so unpleasant a situation, now put herself forward to confirm his account, by mentioning her prior knowledge of it from Charlotte herself; an"
remainder,3,2,"""Indirectly it may be of value, you know; you have only to put it into words to gain the reputation of being excellent company for the remainder of your existence."""
repent,3,2,"His attachment excited gratitude, his general character respect: but she could not approve him; nor could she for a moment repent her refusal, or feel the slightest inclination ever to see him again."
repulsive,3,2,"He was, as the inspector had said, extremely dirty, but the grime which covered his face could not conceal its repulsive ugliness."
restrain,3,2,"Her father, contented with laughing at them, would never exert himself to restrain the wild giddiness of his youngest daughters; and her mother, with manners so far from right herself, was entirely in"
retort,3,2,"Mrs. Hudson has been knocked up, she retorted upon me, and I on you."""
rival,3,2,"With such rivals for the notice of the fair as Mr. Wickham and the officers, Mr. Collins seemed to sink into insignificance; to the young ladies he certainly was nothing; but he had still at intervals"
roughly,3,2,He appeared to be much surprised at seeing me and asked me rather roughly what I was doing there.
rudeness,3,2,"She was therefore obliged to seek another branch of the subject, and related, with much bitterness of spirit, and some exaggeration, the shocking rudeness of Mr. Darcy."
scold,3,2,Her mother only scolded her for being nonsensical.
shaking,3,2,"""Well, down they came to the west country, there was no shaking them off, and there they have lived rent free on my best land ever since."
sharpened,3,2,"Amongst the most violent against him was Mrs. Bennet, whose dislike of his general behaviour was sharpened into particular resentment by his having slighted one of her daughters."
slave,3,2,"That he was really fond of Jane, she doubted no more than she had ever done; and much as she had always been disposed to like him, she could not think without anger, hardly without contempt, on that e"
smiling,3,2,"""I want to know,"" said she, with a countenance no less smiling than her sister's, ""what you have learnt about Mr. Wickham."
sobbing,3,2,"""But perhaps it was only sobbing,"" she thought, and looked into its eyes again, to see if there were any tears."
splashing,3,2,"Just then she heard something splashing about in the pool a little way off, and she swam nearer to make out what it was: at first she thought it must be a walrus or hippopotamus, but then she remember"
sternly,3,2,said Holmes sternly.
stiff,3,2,"It is peculiarly strong and stiff."""
strenuously,3,2,"""Ay, no doubt: but that is what a governess will prevent; and if I had known your mother, I should have advised her most strenuously to engage one."
succession,3,2,"He flicked the horse with his whip, and we dashed away through the endless succession of sombre and deserted streets, which widened gradually, until we were flying across a broad balustraded bridge, w"
survivor,3,2,"""My name is Helen Stoner, and I am living with my stepfather, who is the last survivor of one of the oldest Saxon families in England, the Roylotts of Stoke Moran, on the western border of Surrey."""
threat,3,2,"In the case of Pondicherry, seven weeks elapsed between the threat and its fulfilment, in Dundee it was only some three or four days."
thump,3,2,"when suddenly, thump!"
times,3,2,"I ought to know its size and shape, seeing that I have read the advertisement about it in _The Times_ every day lately."
tiptoe,3,2,"She stretched herself up on tiptoe, and peeped over the edge of the mushroom, and her eyes immediately met those of a large blue caterpillar, that was sitting on the top with its arms folded, quietly "
topic,3,2,"_]] Mr. Wickham was the happy man towards whom almost every female eye was turned, and Elizabeth was the happy woman by whom he finally seated himself; and the agreeable manner in which he immediately"
trample,3,2,"To Holmes, as I could see by his eager face and peering eyes, very many other things were to be read upon the trampled grass."
transpire,3,2,"On returning, he found that Horner had disappeared, that the bureau had been forced open, and that the small morocco casket in which, as it afterwards transpired, the Countess was accustomed to keep h"
turning,3,2,"When they left the high road for the lane to Hunsford, every eye was in search of the Parsonage, and every turning expected to bring it in view."
twentieth,3,2,"One night--it was on the twentieth of March, 1888--I was returning from a journey to a patient (for I had now returned to civil practice), when my way led me through Baker Street."
undergo,3,2,"Elizabeth, feeling all the more than common awkwardness and anxiety of his situation, now forced herself to speak; and immediately, though not very fluently, gave him to understand that her sentiments"
underneath,3,2,"She took down a jar from one of the shelves as she passed; it was labelled ""ORANGE MARMALADE"", but to her great disappointment it was empty: she did not like to drop the jar for fear of killing somebo"
upbraid,3,2,"You will not thank me for detaining you from the bewitching converse of that young lady, whose bright eyes are also upbraiding me."""
usage,3,2,"We are not on friendly terms, and it always gives me pain to meet him, but I have no reason for avoiding _him_ but what I might proclaim to all the world--a sense of very great ill-usage, and most pai"
uttered,3,2,"Scarcely a syllable was uttered that did not relate to the game, except when Mrs. Jenkinson expressed her fears of Miss De Bourgh's being too hot or too cold, or having too much or too little light."
whimsical,3,2,"""Only one of those whimsical little incidents which will happen when you have four million human beings all jostling each other within the space of a few square miles."
whispering,3,2,"He stood by her, however, for some minutes, in silence; and, at last, on the young lady's whispering to Elizabeth again, he walked away."
whither,3,2,"Bingley was all grateful pleasure; and he readily engaged for taking the earliest opportunity of waiting on her after his return from London, whither he was obliged to go the next day for a short time"
womanly,3,2,"Then it lengthened out until it became a yellow line, and then, without any warning or sound, a gash seemed to open and a hand appeared, a white, almost womanly hand, which felt about in the centre of"
abhorrent,2,2,"All emotions, and that one particularly, were abhorrent to his cold, precise but admirably balanced mind."
abiding,2,2,"If you don't--it's a fine, law-abiding country is England, and there's always a policeman within hail.'"
abound,2,2,"My father had fallen over one of the deep chalk-pits which abound in the neighbourhood, and was lying senseless, with a shattered skull."
accurate,2,2,"I should like an accurate description of him and any letters of his which you can spare."""
approaching,2,2,"I had been lying in an angle of the hedge close by the high road, and just a little lower down was a long building, which proved, upon my approaching it, to be the very station at which I had arrived "
apt,2,2,"The larger crimes are apt to be the simpler, for the bigger the crime the more obvious, as a rule, is the motive."
artificial,2,2,"""I started off, Mr. Holmes, but when I got to that address it was a manufactory of artificial knee-caps, and no one in it had ever heard of either Mr. William Morris or Mr. Duncan Ross."""
askance,2,2,"and gave a look askance-- Said he thanked the whiting kindly, but he would not join the dance."
audible,2,2,"Then suddenly another sound became audible--a very gentle, soothing sound, like that of a small jet of steam escaping continually from a kettle."
basis,2,2,"I had no keener pleasure than in following Holmes in his professional investigations, and in admiring the rapid deductions, as swift as intuitions, and yet always founded on a logical basis with which"
bequeath,2,2,"She had a considerable sum of money--not less than £ 1000 a year--and this she bequeathed to Dr. Roylott entirely while we resided with him, with a provision that a certain annual sum should be allowe"
bequest,2,2,"I took the paper from him and read as follows: ""TO THE RED-HEADED LEAGUE: On account of the bequest of the late Ezekiah Hopkins, of Lebanon, Pennsylvania, U.S.A., there is now another vacancy open whi"
boldly,2,2,"""Don't talk nonsense,"" said Alice more boldly: ""you know you're growing too."""
boxed,2,2,""" ""She boxed the Queen's ears--"" the Rabbit began."
britain,2,2,One by one the management of the noble houses of Great Britain is passing into the hands of our fair cousins from across the Atlantic.
bustle,2,2,With a few grateful words to Holmes she bade us both good-night and bustled off upon her way.
candid,2,2,"'_Omne ignotum pro magnifico_,' you know, and my poor little reputation, such as it is, will suffer shipwreck if I am so candid."
ceaseless,2,2,"Ordering my cab to wait, I passed down the steps, worn hollow in the centre by the ceaseless tread of drunken feet; and by the light of a flickering oil-lamp above the door I found the latch and made "
characterize,2,2,I know the military neatness which characterises you.
circumspect,2,2,"""We must be circumspect, for we are dealing with a very cunning man."
closer,2,2,And she squeezed herself up closer to Alice's side as she spoke.
clouded,2,2,"No sound came from within, and at the silence Holmes' face clouded over."
commonly,2,2,A man dying from a sudden blow does not commonly become delirious.
communicative,2,2,Sherlock Holmes was not very communicative during the long drive and lay back in the cab humming the tunes which he had heard in the afternoon.
congenial,2,2,"He hastened upstairs, and a few minutes later I heard the slam of the hall door, which told me that he was off once more upon his congenial hunt."
connivance,2,2,"With the connivance and assistance of his wife he disguised himself, covered those keen eyes with tinted glasses, masked the face with a moustache and a pair of bushy whiskers, sunk that clear voice i"
crouch,2,2,"Alice crouched down among the trees as well as she could, for her neck kept getting entangled among the branches, and every now and then she had to stop and untwist it."
crust,2,2,""" Alice did not dare to disobey, though she felt sure it would all come wrong, and she went on in a trembling voice:-- ""I passed by his garden, and marked, with one eye, How the Owl and the Panther we"
curving,2,2,"She had just succeeded in curving it down into a graceful zigzag, and was going to dive in among the leaves, which she found to be nothing but the tops of the trees under which she had been wandering,"
degenerate,2,2,"As to my own little practice, it seems to be degenerating into an agency for recovering lost lead pencils and giving advice to young ladies from boarding-schools."
deportment,2,2,"The point is, have you or have you not the bearing and deportment of a lady?"
destitute,2,2,"""You may imagine, Mr. Holmes, that to me, destitute as I was, such an offer seemed almost too good to be true."
detailed,2,2,"Holmes sat in his big armchair with the weary, heavy-lidded expression which veiled his keen and eager nature, while I sat opposite to him, and we listened in silence to the strange story which our vi"
diligence,2,2,"""Eight weeks passed away like this, and I had written about Abbots and Archery and Armour and Architecture and Attica, and hoped with diligence that I might get on to the B's before very long."
diligently,2,2,"As soon as the jury had a little recovered from the shock of being upset, and their slates and pencils had been found and handed back to them, they set to work very diligently to write out a history o"
dispel,2,2,"The sight of the safe, the saucer of milk, and the loop of whipcord were enough to finally dispel any doubts which may have remained."
distraction,2,2,"""Reeling and Writhing, of course, to begin with,"" the Mock Turtle replied; ""and then the different branches of Arithmetic--Ambition, Distraction, Uglification, and Derision."""
doubly,2,2,"With the connivance and assistance of his wife he disguised himself, covered those keen eyes with tinted glasses, masked the face with a moustache and a pair of bushy whiskers, sunk that clear voice i"
doubting,2,2,"""A proposition which I took the liberty of doubting."""
driving,2,2,An examination showed that one of the india-rubber bands which was round the head of a driving-rod had shrunk so as not quite to fill the socket along which it worked.
drown,2,2,"""I shall be punished for it now, I suppose, by being drowned in my own tears!"
emphasis,2,2,"""The trial cannot proceed,"" said the King in a very grave voice, ""until all the jurymen are back in their proper places--_all_,"" he repeated with great emphasis, looking hard at Alice as he said so."
encamp,2,2,"He had no friends at all save the wandering gipsies, and he would give these vagabonds leave to encamp upon the few acres of bramble-covered land which represent the family estate, and would accept in"
engrave,2,2,"As she said this, she came upon a neat little house, on the door of which was a bright brass plate with the name ""W. RABBIT,"" engraved upon it."
essence,2,2,"""This is wanting in the police report, where more stress is laid, perhaps, upon the platitudes of the magistrate than upon the details, which to an observer contain the vital essence of the whole matt"
expressly,2,2,"""'The other is a good three pound heavier,' said she, 'and we fattened it expressly for you.'"
exquisite,2,2,"It was not a photograph but an ivory miniature, and the artist had brought out the full effect of the lustrous black hair, the large dark eyes, and the exquisite mouth."
extinguished,2,2,"About nine o'clock the light among the trees was extinguished, and all was dark in the direction of the Manor House."
farthing,2,2,"'You shall not have a farthing from me,' I cried, on which he bowed and left the room without another word."
fearless,2,2,She is swift in making up her mind and fearless in carrying out her resolutions.
firmness,2,2,"His frank acceptance of the situation marks him as either an innocent man, or else as a man of considerable self-restraint and firmness."
folding,2,2,"""Well, if I must, I must,"" the King said, with a melancholy air, and, after folding his arms and frowning at the cook till his eyes were nearly out of sight, he said in a deep voice, ""What are tarts m"
foretold,2,2,"There was no rain, as Holmes had foretold, and the morning broke bright and cloudless."
forgetfulness,2,2,"There was no rest for me, no peace, no forgetfulness; turn where I would, there was his cunning, grinning face at my elbow."
forwards,2,2,"Hardly knowing what she did, she picked up a little bit of stick, and held it out to the puppy; whereupon the puppy jumped into the air off all its feet at once, with a yelp of delight, and rushed at "
fourteenth,2,2,"""Fourteenth of March, I _think_ it was,"" he said."
fulfill,2,2,"Its finder has carried it off, therefore, to fulfil the ultimate destiny of a goose, while I continue to retain the hat of the unknown gentleman who lost his Christmas dinner."""
getting,2,2,"""There is no possible getting out of it, Mr. Windibank."
glaring,2,2,"The Queen turned crimson with fury, and, after glaring at her for a moment like a wild beast, screamed ""Off with her head!"
gloomily,2,2,"The March Hare took the watch and looked at it gloomily: then he dipped it into his cup of tea, and looked at it again: but he could think of nothing better to say than his first remark, ""It was the _"
gossiping,2,2,"However, I must not sit gossiping here, but must get these disreputable clothes off and return to my highly respectable self."""
harshly,2,2,"I know that he has done no harm and that you will be sorry for having acted so harshly."""
hearth,2,2,"The only things in the kitchen that did not sneeze, were the cook, and a large cat which was sitting on the hearth and grinning from ear to ear."
herald,2,2,"""Herald, read the accusation!"""
hiss,2,2,"She had just succeeded in curving it down into a graceful zigzag, and was going to dive in among the leaves, which she found to be nothing but the tops of the trees under which she had been wandering,"
hoarsely,2,2,"Hardly knowing what she did, she picked up a little bit of stick, and held it out to the puppy; whereupon the puppy jumped into the air off all its feet at once, with a yelp of delight, and rushed at "
idiot,2,2,"""Idiot!"""
impetuous,2,2,"She is impetuous--volcanic, I was about to say."
implacable,2,2,It is no wonder that he and his family have some of the more implacable spirits upon their track.
inadequate,2,2,"It was obvious at a glance that the story of the fuller's-earth was the merest fabrication, for it would be absurd to suppose that so powerful an engine could be designed for so inadequate a purpose."
informality,2,2,"It seems that there had been some informality about their license, that the clergyman absolutely refused to marry them without a witness of some sort, and that my lucky appearance saved the bridegroom"
inspiring,2,2,"It was a long fight between my pride and the money, but the dollars won at last, and I threw up reporting and sat day after day in the corner which I had first chosen, inspiring pity by my ghastly fac"
interpose,2,2,"""One moment,"" Holmes interposed, ""your statement is, I foresee, one of the most remarkable to which I have ever listened."
intruder,2,2,Sherlock Holmes had sprung out and seized the intruder by the collar.
invariable,2,2,So accustomed was I to his invariable success that the very possibility of his failing had ceased to enter into my head.
jot,2,2,"""I shall jot down the facts."
jug,2,2,"The Hatter was the only one who got any advantage from the change: and Alice was a good deal worse off than before, as the March Hare had just upset the milk-jug into his plate."
keener,2,2,"I had no keener pleasure than in following Holmes in his professional investigations, and in admiring the rapid deductions, as swift as intuitions, and yet always founded on a logical basis with which"
kneel,2,2,"She went on growing, and growing, and very soon had to kneel down on the floor: in another minute there was not even room for this, and she tried the effect of lying down with one elbow against the do"
knelt,2,2,"Alice opened the door and found that it led into a small passage, not much larger than a rat-hole: she knelt down and looked along the passage into the loveliest garden you ever saw."
lastly,2,2,"Lastly, she pictured to herself how this same little sister of hers would, in the after-time, be herself a grown woman; and how she would keep, through all her riper years, the simple and loving heart"
letters,2,2,"On the inside of the cover was a paper label, with the initials of K. K. K. repeated upon it, and 'Letters, memoranda, receipts, and a register' written beneath."
lighted,2,2,"It was already dusk, and the lamps were just being lighted as we paced up and down in front of Briony Lodge, waiting for the coming of its occupant."
listening,2,2,"The Antipathies, I think--"" (she was rather glad there _was_ no one listening, this time, as it didn't sound at all the right word) ""--but I shall have to ask them what the name of the country is, you"
luncheon,2,2,"Having done that, we may drive back to our luncheon."
luster,2,2,"Through the gloom one could dimly catch a glimpse of bodies lying in strange fantastic poses, bowed shoulders, bent knees, heads thrown back, and chins pointing upward, with here and there a dark, lac"
mankind,2,2,"All day the wind had screamed and the rain had beaten against the windows, so that even here in the heart of great, hand-made London we were forced to raise our minds for the instant from the routine "
masterly,2,2,"Indeed, apart from the nature of the investigation which my friend had on hand, there was something in his masterly grasp of a situation, and his keen, incisive reasoning, which made it a pleasure to "
mess,2,2,"It is true that I had a country walk on Thursday and came home in a dreadful mess, but as I have changed my clothes I can't imagine how you deduce it."
military,2,2,I know the military neatness which characterises you.
mischance,2,2,"He was clearly so scared by his mischance in breaking the window and by the approach of Peterson that he thought of nothing but flight, but since then he must have bitterly regretted the impulse which"
naturedly,2,2,"Alice guessed in a moment that it was looking for the fan and the pair of white kid gloves, and she very good-naturedly began hunting about for them, but they were nowhere to be seen--everything seeme"
oppressively,2,2,"On entering his room, I found Holmes in animated conversation with two men, one of whom I recognised as Peter Jones, the official police agent, while the other was a long, thin, sad-faced man, with a "
petulance,2,2,"A gentleman entered, with a pleasant, cultured face, high-nosed and pale, with something perhaps of petulance about the mouth, and with the steady, well-opened eye of a man whose pleasant lot it had e"
plainer,2,2,"""The case is as plain as a pikestaff, and the more one goes into it the plainer it becomes."
plentiful,2,2,"""Shillings have not been so plentiful with me as they once were,"" he remarked."
pressing,2,2,The first consideration is to remove the pressing danger which threatens you.
pretext,2,2,"On various pretexts they all moved off, and Alice was soon left alone."
proclaim,2,2,"""Because she has said that she would send it on the day when the betrothal was publicly proclaimed."
proficient,2,2,"'You have been recommended to me, Mr. Hatherley, as being a man who is not only proficient in his profession but is also discreet and capable of preserving a secret.'"
quiver,2,2,"The Mouse gave a sudden leap out of the water, and seemed to quiver all over with fright."
rashness,2,2,"""The instant that I uttered the words I regretted the rashness of my speech."
rattling,2,2,"So she sat on, with closed eyes, and half believed herself in Wonderland, though she knew she had but to open them again, and all would change to dull reality--the grass would be only rustling in the "
reality,2,2,"So she sat on, with closed eyes, and half believed herself in Wonderland, though she knew she had but to open them again, and all would change to dull reality--the grass would be only rustling in the "
recommence,2,2,"Perhaps, Mr. Wilson, you would have the great kindness to recommence your narrative."
refinement,2,2,"The man who entered was young, some two-and-twenty at the outside, well-groomed and trimly clad, with something of refinement and delicacy in his bearing."
rejoin,2,2,"You may then walk to the end of the street, and I will rejoin you in ten minutes."
remonstrance,2,2,"""He has, however, retained some degree of self-respect,"" he continued, disregarding my remonstrance."
respectful,2,2,"They were just beginning to write this down on their slates, when the White Rabbit interrupted: ""_Un_important, your Majesty means, of course,"" he said in a very respectful tone, but frowning and maki"
restless,2,2,"She raised her veil as she spoke, and we could see that she was indeed in a pitiable state of agitation, her face all drawn and grey, with restless frightened eyes, like those of some hunted animal."
reverie,2,2,"We had walked several times up and down the lawn, neither Miss Stoner nor myself liking to break in upon his thoughts before he roused himself from his reverie."
scheming,2,2,"Had he appeared surprised at his own arrest, or feigned indignation at it, I should have looked upon it as highly suspicious, because such surprise or anger would not be natural under the circumstance"
seasonable,2,2,"""The fire looks very seasonable in this weather."
selfishness,2,2,"""No, it is not selfishness or conceit,"" said he, answering, as was his wont, my thoughts rather than my words."
sentinel,2,2,That dreadful sentinel sent a chill to my heart which I do not think that any burglar could have done.
severity,2,2,"""You should learn not to make personal remarks,"" Alice said with some severity; ""it's very rude."""
shrieked,2,2,"""Collar that Dormouse,"" the Queen shrieked out."
sixpence,2,2,"""That's the most important piece of evidence we've heard yet,"" said the King, rubbing his hands; ""so now let the jury--"" ""If any one of them can explain it,"" said Alice, (she had grown so large in the"
sleepless,2,2,"""It may give him a sleepless night."
slippery,2,2,"when she got to the door, she found she had forgotten the little golden key, and when she went back to the table for it, she found she could not possibly reach it: she could see it quite plainly throu"
sloping,2,2,"He was a large man with rounded shoulders, a massive head, and a broad, intelligent face, sloping down to a pointed beard of grizzled brown."
snug,2,2,"I fear that I have brought some traces of the storm and rain into your snug chamber."""
sorely,2,2,"Holmes drove in silence, with his head sunk upon his breast, and the air of a man who is lost in thought, while I sat beside him, curious to learn what this new quest might be which seemed to tax his "
splendidly,2,2,"It was the White Rabbit returning, splendidly dressed, with a pair of white kid gloves in one hand and a large fan in the other: he came trotting along in a great hurry, muttering to himself as he cam"
splendor,2,2,Its splendour was in such contrast to his homely ways and simple life that I could not help commenting upon it.
spoke,2,2,"The moment Alice appeared, she was appealed to by all three to settle the question, and they repeated their arguments to her, though, as they all spoke at once, she found it very hard indeed to make o"
stoutly,2,2,Both he and the Lascar stoutly swore that no one else had been in the front room during the afternoon.
subside,2,2,"He made a slight motion to me to approach him, and instantly, as he turned his face half round to the company once more, subsided into a doddering, loose-lipped senility."
talker,2,2,"He is older than Arthur, a man of the world to his finger-tips, one who had been everywhere, seen everything, a brilliant talker, and a man of great personal beauty."
talking,2,2,"When she got back to the Cheshire Cat, she was surprised to find quite a large crowd collected round it: there was a dispute going on between the executioner, the King, and the Queen, who were all tal"
thirteen,2,2,"Let me see: four times five is twelve, and four times six is thirteen, and four times seven is--oh dear!"
tidy,2,2,"By this time she had found her way into a tidy little room with a table in the window, and on it (as she had hoped) a fan and two or three pairs of tiny white kid gloves: she took up the fan and a pai"
transition,2,2,"As it is an open secret that the Duke of Balmoral has been compelled to sell his pictures within the last few years, and as Lord St. Simon has no property of his own save the small estate of Birchmoor"
troop,2,2,"A groan of disappointment came up from below, and the folk all trooped away in different directions until there was not a red-head to be seen except my own and that of the manager."
troubling,2,2,"""You will excuse my troubling you, I am sure,"" said she, as my companion rose to greet her, ""but I have had a very strange experience, and as I have no parents or relations of any sort from whom I cou"
unacquainted,2,2,"Then it was that the lust of the chase would suddenly come upon him, and that his brilliant reasoning power would rise to the level of intuition, until those who were unacquainted with his methods wou"
ungovernable,2,2,"Seeing that his passion was becoming ungovernable, I left him and returned towards Hatherley Farm."
unprofitable,2,2,"If we could fly out of that window hand in hand, hover over this great city, gently remove the roofs, and peep in at the queer things which are going on, the strange coincidences, the plannings, the c"
untamed,2,2,"All day the wind had screamed and the rain had beaten against the windows, so that even here in the heart of great, hand-made London we were forced to raise our minds for the instant from the routine "
unusually,2,2,"as an unusually large saucepan flew close by it, and very nearly carried it off."
uppermost,2,2,But as I listened to his talk all that was black and bitter in me seemed to come uppermost.
uvre,2,2,"""'_L'homme c'est rien--l'œuvre c'est tout_,' as Gustave Flaubert wrote to George Sand."""
vehemence,2,2,"Both Mr. and Mrs. Rucastle expressed a delight at the look of it, which seemed quite exaggerated in its vehemence."
wandering,2,2,"But her sister sat still just as she left her, leaning her head on her hand, watching the setting sun, and thinking of little Alice and all her wonderful Adventures, till she too began dreaming after "
wife's,2,2,"'It is a little fancy of my wife's, and ladies' fancies, you know, madam, ladies' fancies must be consulted."
wilderness,2,2,"Beyond lay another dull wilderness of bricks and mortar, its silence broken only by the heavy, regular footfall of the policeman, or the songs and shouts of some belated party of revellers."
women,2,2,"Women are naturally secretive, and they like to do their own secreting."
wounded,2,2,"My clothes were all sodden with dew, and my coat-sleeve was drenched with blood from my wounded thumb."
wriggle,2,2,"""And just as I'd taken the highest tree in the wood,"" continued the Pigeon, raising its voice to a shriek, ""and just as I was thinking I should be free of them at last, they must needs come wriggling "
zealand,2,2,"Please, Ma'am, is this New Zealand or Australia?"""
